booster,colsample_bytree,eta,eval_metric,improve10,improve15,improve5,lamda,learning_rate,max_depth,objective,scale_pos_weight,seed,value-mean10,value-mean15,value-mean5
gbtree,0.7,0.001,auc,-1.04344366435,-0.862312803089,-2.07865840843,0.2,0.05,4,binary:logistic,18.92543859649123,1,8.114,7.69266666667,7.502
gbtree,0.7,0.001,auc,-1.04344366435,-0.862312803089,-2.07865840843,0.4,0.05,4,binary:logistic,18.92543859649123,1,8.114,7.69266666667,7.502
gbtree,0.7,0.001,auc,-1.04344366435,-0.862312803089,-2.07865840843,0.6,0.05,4,binary:logistic,18.92543859649123,1,8.114,7.69266666667,7.502
gbtree,0.7,0.001,auc,-1.04344366435,-0.862312803089,-2.07865840843,0.8,0.05,4,binary:logistic,18.92543859649123,1,8.114,7.69266666667,7.502
gbtree,0.7,0.001,auc,-1.04344366435,-0.862312803089,-2.07865840843,1,0.05,4,binary:logistic,18.92543859649123,1,8.114,7.69266666667,7.502
gbtree,0.7,0.001,auc,0.191754632692,0.281895641506,1.59157474547,0.2,0.1,4,binary:logistic,18.92543859649123,1,8.427,8.83866666667,9.252
gbtree,0.7,0.001,auc,0.191754632692,0.281895641506,1.59157474547,0.4,0.1,4,binary:logistic,18.92543859649123,1,8.427,8.83866666667,9.252
gbtree,0.7,0.001,auc,0.191754632692,0.281895641506,1.59157474547,0.6,0.1,4,binary:logistic,18.92543859649123,1,8.427,8.83866666667,9.252
gbtree,0.7,0.001,auc,0.191754632692,0.281895641506,1.59157474547,0.8,0.1,4,binary:logistic,18.92543859649123,1,8.427,8.83866666667,9.252
gbtree,0.7,0.001,auc,0.191754632692,0.281895641506,1.59157474547,1,0.1,4,binary:logistic,18.92543859649123,1,8.427,8.83866666667,9.252
gbtree,0.7,0.01,auc,-1.04344366435,-0.862312803089,-2.07865840843,0.2,0.05,4,binary:logistic,18.92543859649123,1,8.114,7.69266666667,7.502
gbtree,0.7,0.01,auc,-1.04344366435,-0.862312803089,-2.07865840843,0.4,0.05,4,binary:logistic,18.92543859649123,1,8.114,7.69266666667,7.502
gbtree,0.7,0.01,auc,-1.04344366435,-0.862312803089,-2.07865840843,0.6,0.05,4,binary:logistic,18.92543859649123,1,8.114,7.69266666667,7.502
gbtree,0.7,0.01,auc,-1.04344366435,-0.862312803089,-2.07865840843,0.8,0.05,4,binary:logistic,18.92543859649123,1,8.114,7.69266666667,7.502
gbtree,0.7,0.01,auc,-1.04344366435,-0.862312803089,-2.07865840843,1,0.05,4,binary:logistic,18.92543859649123,1,8.114,7.69266666667,7.502
gbtree,0.7,0.01,auc,0.191754632692,0.281895641506,1.59157474547,0.2,0.1,4,binary:logistic,18.92543859649123,1,8.427,8.83866666667,9.252
gbtree,0.7,0.01,auc,0.191754632692,0.281895641506,1.59157474547,0.4,0.1,4,binary:logistic,18.92543859649123,1,8.427,8.83866666667,9.252
gbtree,0.7,0.01,auc,0.191754632692,0.281895641506,1.59157474547,0.6,0.1,4,binary:logistic,18.92543859649123,1,8.427,8.83866666667,9.252
gbtree,0.7,0.01,auc,0.191754632692,0.281895641506,1.59157474547,0.8,0.1,4,binary:logistic,18.92543859649123,1,8.427,8.83866666667,9.252
gbtree,0.7,0.01,auc,0.191754632692,0.281895641506,1.59157474547,1,0.1,4,binary:logistic,18.92543859649123,1,8.427,8.83866666667,9.252
gbtree,0.7,0.1,auc,-1.04344366435,-0.862312803089,-2.07865840843,0.2,0.05,4,binary:logistic,18.92543859649123,1,8.114,7.69266666667,7.502
gbtree,0.7,0.1,auc,-1.04344366435,-0.862312803089,-2.07865840843,0.4,0.05,4,binary:logistic,18.92543859649123,1,8.114,7.69266666667,7.502
gbtree,0.7,0.1,auc,-1.04344366435,-0.862312803089,-2.07865840843,0.6,0.05,4,binary:logistic,18.92543859649123,1,8.114,7.69266666667,7.502
gbtree,0.7,0.1,auc,-1.04344366435,-0.862312803089,-2.07865840843,0.8,0.05,4,binary:logistic,18.92543859649123,1,8.114,7.69266666667,7.502
gbtree,0.7,0.1,auc,-1.04344366435,-0.862312803089,-2.07865840843,1,0.05,4,binary:logistic,18.92543859649123,1,8.114,7.69266666667,7.502
gbtree,0.7,0.1,auc,0.191754632692,0.281895641506,1.59157474547,0.2,0.1,4,binary:logistic,18.92543859649123,1,8.427,8.83866666667,9.252
gbtree,0.7,0.1,auc,0.191754632692,0.281895641506,1.59157474547,0.4,0.1,4,binary:logistic,18.92543859649123,1,8.427,8.83866666667,9.252
gbtree,0.7,0.1,auc,0.191754632692,0.281895641506,1.59157474547,0.6,0.1,4,binary:logistic,18.92543859649123,1,8.427,8.83866666667,9.252
gbtree,0.7,0.1,auc,0.191754632692,0.281895641506,1.59157474547,0.8,0.1,4,binary:logistic,18.92543859649123,1,8.427,8.83866666667,9.252
gbtree,0.7,0.1,auc,0.191754632692,0.281895641506,1.59157474547,1,0.1,4,binary:logistic,18.92543859649123,1,8.427,8.83866666667,9.252
gbtree,0.7,0.001,auc,-1.40250892897,-1.33113647127,-2.12925180879,0.2,0.05,5,binary:logistic,18.92543859649123,1,7.767,7.306,7.324
gbtree,0.7,0.001,auc,-1.40250892897,-1.33113647127,-2.12925180879,0.4,0.05,5,binary:logistic,18.92543859649123,1,7.767,7.306,7.324
gbtree,0.7,0.001,auc,-1.40250892897,-1.33113647127,-2.12925180879,0.6,0.05,5,binary:logistic,18.92543859649123,1,7.767,7.306,7.324
gbtree,0.7,0.001,auc,-1.40250892897,-1.33113647127,-2.12925180879,0.8,0.05,5,binary:logistic,18.92543859649123,1,7.767,7.306,7.324
gbtree,0.7,0.001,auc,-1.40250892897,-1.33113647127,-2.12925180879,1,0.05,5,binary:logistic,18.92543859649123,1,7.767,7.306,7.324
gbtree,0.7,0.001,auc,-1.00618635267,-1.34000430305,-0.694432203825,0.2,0.1,5,binary:logistic,18.92543859649123,1,7.3,6.73333333333,8.578
gbtree,0.7,0.001,auc,-1.00618635267,-1.34000430305,-0.694432203825,0.4,0.1,5,binary:logistic,18.92543859649123,1,7.3,6.73333333333,8.578
gbtree,0.7,0.001,auc,-1.00618635267,-1.34000430305,-0.694432203825,0.6,0.1,5,binary:logistic,18.92543859649123,1,7.3,6.73333333333,8.578
gbtree,0.7,0.001,auc,-1.00618635267,-1.34000430305,-0.694432203825,0.8,0.1,5,binary:logistic,18.92543859649123,1,7.3,6.73333333333,8.578
gbtree,0.7,0.001,auc,-1.00618635267,-1.34000430305,-0.694432203825,1,0.1,5,binary:logistic,18.92543859649123,1,7.3,6.73333333333,8.578
gbtree,0.7,0.01,auc,-1.40250892897,-1.33113647127,-2.12925180879,0.2,0.05,5,binary:logistic,18.92543859649123,1,7.767,7.306,7.324
gbtree,0.7,0.01,auc,-1.40250892897,-1.33113647127,-2.12925180879,0.4,0.05,5,binary:logistic,18.92543859649123,1,7.767,7.306,7.324
gbtree,0.7,0.01,auc,-1.40250892897,-1.33113647127,-2.12925180879,0.6,0.05,5,binary:logistic,18.92543859649123,1,7.767,7.306,7.324
gbtree,0.7,0.01,auc,-1.40250892897,-1.33113647127,-2.12925180879,0.8,0.05,5,binary:logistic,18.92543859649123,1,7.767,7.306,7.324
gbtree,0.7,0.01,auc,-1.40250892897,-1.33113647127,-2.12925180879,1,0.05,5,binary:logistic,18.92543859649123,1,7.767,7.306,7.324
gbtree,0.7,0.01,auc,-1.00618635267,-1.34000430305,-0.694432203825,0.2,0.1,5,binary:logistic,18.92543859649123,1,7.3,6.73333333333,8.578
gbtree,0.7,0.01,auc,-1.00618635267,-1.34000430305,-0.694432203825,0.4,0.1,5,binary:logistic,18.92543859649123,1,7.3,6.73333333333,8.578
gbtree,0.7,0.01,auc,-1.00618635267,-1.34000430305,-0.694432203825,0.6,0.1,5,binary:logistic,18.92543859649123,1,7.3,6.73333333333,8.578
gbtree,0.7,0.01,auc,-1.00618635267,-1.34000430305,-0.694432203825,0.8,0.1,5,binary:logistic,18.92543859649123,1,7.3,6.73333333333,8.578
gbtree,0.7,0.01,auc,-1.00618635267,-1.34000430305,-0.694432203825,1,0.1,5,binary:logistic,18.92543859649123,1,7.3,6.73333333333,8.578
gbtree,0.7,0.1,auc,-1.40250892897,-1.33113647127,-2.12925180879,0.2,0.05,5,binary:logistic,18.92543859649123,1,7.767,7.306,7.324
gbtree,0.7,0.1,auc,-1.40250892897,-1.33113647127,-2.12925180879,0.4,0.05,5,binary:logistic,18.92543859649123,1,7.767,7.306,7.324
gbtree,0.7,0.1,auc,-1.40250892897,-1.33113647127,-2.12925180879,0.6,0.05,5,binary:logistic,18.92543859649123,1,7.767,7.306,7.324
gbtree,0.7,0.1,auc,-1.40250892897,-1.33113647127,-2.12925180879,0.8,0.05,5,binary:logistic,18.92543859649123,1,7.767,7.306,7.324
gbtree,0.7,0.1,auc,-1.40250892897,-1.33113647127,-2.12925180879,1,0.05,5,binary:logistic,18.92543859649123,1,7.767,7.306,7.324
gbtree,0.7,0.1,auc,-1.00618635267,-1.34000430305,-0.694432203825,0.2,0.1,5,binary:logistic,18.92543859649123,1,7.3,6.73333333333,8.578
gbtree,0.7,0.1,auc,-1.00618635267,-1.34000430305,-0.694432203825,0.4,0.1,5,binary:logistic,18.92543859649123,1,7.3,6.73333333333,8.578
gbtree,0.7,0.1,auc,-1.00618635267,-1.34000430305,-0.694432203825,0.6,0.1,5,binary:logistic,18.92543859649123,1,7.3,6.73333333333,8.578
gbtree,0.7,0.1,auc,-1.00618635267,-1.34000430305,-0.694432203825,0.8,0.1,5,binary:logistic,18.92543859649123,1,7.3,6.73333333333,8.578
gbtree,0.7,0.1,auc,-1.00618635267,-1.34000430305,-0.694432203825,1,0.1,5,binary:logistic,18.92543859649123,1,7.3,6.73333333333,8.578
gbtree,0.7,0.001,auc,-1.18509718119,-1.52293874106,-0.319709049251,0.2,0.05,6,binary:logistic,18.92543859649123,1,7.167,6.59133333333,8.846
gbtree,0.7,0.001,auc,-1.18509718119,-1.52293874106,-0.319709049251,0.4,0.05,6,binary:logistic,18.92543859649123,1,7.167,6.59133333333,8.846
gbtree,0.7,0.001,auc,-1.18509718119,-1.52293874106,-0.319709049251,0.6,0.05,6,binary:logistic,18.92543859649123,1,7.167,6.59133333333,8.846
gbtree,0.7,0.001,auc,-1.18509718119,-1.52293874106,-0.319709049251,0.8,0.05,6,binary:logistic,18.92543859649123,1,7.167,6.59133333333,8.846
gbtree,0.7,0.001,auc,-1.18509718119,-1.52293874106,-0.319709049251,1,0.05,6,binary:logistic,18.92543859649123,1,7.167,6.59133333333,8.846
gbtree,0.7,0.001,auc,-0.393286956678,0.167581176052,0.295092719763,0.2,0.1,6,binary:logistic,18.92543859649123,1,8.559,8.03466666667,10.79
gbtree,0.7,0.001,auc,-0.393286956678,0.167581176052,0.295092719763,0.4,0.1,6,binary:logistic,18.92543859649123,1,8.559,8.03466666667,10.79
gbtree,0.7,0.001,auc,-0.393286956678,0.167581176052,0.295092719763,0.6,0.1,6,binary:logistic,18.92543859649123,1,8.559,8.03466666667,10.79
gbtree,0.7,0.001,auc,-0.393286956678,0.167581176052,0.295092719763,0.8,0.1,6,binary:logistic,18.92543859649123,1,8.559,8.03466666667,10.79
gbtree,0.7,0.001,auc,-0.393286956678,0.167581176052,0.295092719763,1,0.1,6,binary:logistic,18.92543859649123,1,8.559,8.03466666667,10.79
gbtree,0.7,0.01,auc,-1.18509718119,-1.52293874106,-0.319709049251,0.2,0.05,6,binary:logistic,18.92543859649123,1,7.167,6.59133333333,8.846
gbtree,0.7,0.01,auc,-1.18509718119,-1.52293874106,-0.319709049251,0.4,0.05,6,binary:logistic,18.92543859649123,1,7.167,6.59133333333,8.846
gbtree,0.7,0.01,auc,-1.18509718119,-1.52293874106,-0.319709049251,0.6,0.05,6,binary:logistic,18.92543859649123,1,7.167,6.59133333333,8.846
gbtree,0.7,0.01,auc,-1.18509718119,-1.52293874106,-0.319709049251,0.8,0.05,6,binary:logistic,18.92543859649123,1,7.167,6.59133333333,8.846
gbtree,0.7,0.01,auc,-1.18509718119,-1.52293874106,-0.319709049251,1,0.05,6,binary:logistic,18.92543859649123,1,7.167,6.59133333333,8.846
gbtree,0.7,0.01,auc,-0.393286956678,0.167581176052,0.295092719763,0.2,0.1,6,binary:logistic,18.92543859649123,1,8.559,8.03466666667,10.79
gbtree,0.7,0.01,auc,-0.393286956678,0.167581176052,0.295092719763,0.4,0.1,6,binary:logistic,18.92543859649123,1,8.559,8.03466666667,10.79
gbtree,0.7,0.01,auc,-0.393286956678,0.167581176052,0.295092719763,0.6,0.1,6,binary:logistic,18.92543859649123,1,8.559,8.03466666667,10.79
gbtree,0.7,0.01,auc,-0.393286956678,0.167581176052,0.295092719763,0.8,0.1,6,binary:logistic,18.92543859649123,1,8.559,8.03466666667,10.79
gbtree,0.7,0.01,auc,-0.393286956678,0.167581176052,0.295092719763,1,0.1,6,binary:logistic,18.92543859649123,1,8.559,8.03466666667,10.79
gbtree,0.7,0.1,auc,-1.18509718119,-1.52293874106,-0.319709049251,0.2,0.05,6,binary:logistic,18.92543859649123,1,7.167,6.59133333333,8.846
gbtree,0.7,0.1,auc,-1.18509718119,-1.52293874106,-0.319709049251,0.4,0.05,6,binary:logistic,18.92543859649123,1,7.167,6.59133333333,8.846
gbtree,0.7,0.1,auc,-1.18509718119,-1.52293874106,-0.319709049251,0.6,0.05,6,binary:logistic,18.92543859649123,1,7.167,6.59133333333,8.846
gbtree,0.7,0.1,auc,-1.18509718119,-1.52293874106,-0.319709049251,0.8,0.05,6,binary:logistic,18.92543859649123,1,7.167,6.59133333333,8.846
gbtree,0.7,0.1,auc,-1.18509718119,-1.52293874106,-0.319709049251,1,0.05,6,binary:logistic,18.92543859649123,1,7.167,6.59133333333,8.846
gbtree,0.7,0.1,auc,-0.393286956678,0.167581176052,0.295092719763,0.2,0.1,6,binary:logistic,18.92543859649123,1,8.559,8.03466666667,10.79
gbtree,0.7,0.1,auc,-0.393286956678,0.167581176052,0.295092719763,0.4,0.1,6,binary:logistic,18.92543859649123,1,8.559,8.03466666667,10.79
gbtree,0.7,0.1,auc,-0.393286956678,0.167581176052,0.295092719763,0.6,0.1,6,binary:logistic,18.92543859649123,1,8.559,8.03466666667,10.79
gbtree,0.7,0.1,auc,-0.393286956678,0.167581176052,0.295092719763,0.8,0.1,6,binary:logistic,18.92543859649123,1,8.559,8.03466666667,10.79
gbtree,0.7,0.1,auc,-0.393286956678,0.167581176052,0.295092719763,1,0.1,6,binary:logistic,18.92543859649123,1,8.559,8.03466666667,10.79
gbtree,0.7,0.001,auc,-2.09757621834,-0.838636420703,-2.07865840843,0.2,0.05,4,binary:logistic,18.92543859649123,2,6.457,8.26533333333,7.502
gbtree,0.7,0.001,auc,-2.09757621834,-0.838636420703,-2.07865840843,0.4,0.05,4,binary:logistic,18.92543859649123,2,6.457,8.26533333333,7.502
gbtree,0.7,0.001,auc,-2.09757621834,-0.838636420703,-2.07865840843,0.6,0.05,4,binary:logistic,18.92543859649123,2,6.457,8.26533333333,7.502
gbtree,0.7,0.001,auc,-2.09757621834,-0.838636420703,-2.07865840843,0.8,0.05,4,binary:logistic,18.92543859649123,2,6.457,8.26533333333,7.502
gbtree,0.7,0.001,auc,-2.09757621834,-0.838636420703,-2.07865840843,1,0.05,4,binary:logistic,18.92543859649123,2,6.457,8.26533333333,7.502
gbtree,0.7,0.001,auc,-1.82793360351,0.102426215084,-2.33256824463,0.2,0.1,4,binary:logistic,18.92543859649123,2,6.766,8.03933333333,7.316
gbtree,0.7,0.001,auc,-1.82793360351,0.102426215084,-2.33256824463,0.4,0.1,4,binary:logistic,18.92543859649123,2,6.766,8.03933333333,7.316
gbtree,0.7,0.001,auc,-1.82793360351,0.102426215084,-2.33256824463,0.6,0.1,4,binary:logistic,18.92543859649123,2,6.766,8.03933333333,7.316
gbtree,0.7,0.001,auc,-1.82793360351,0.102426215084,-2.33256824463,0.8,0.1,4,binary:logistic,18.92543859649123,2,6.766,8.03933333333,7.316
gbtree,0.7,0.001,auc,-1.82793360351,0.102426215084,-2.33256824463,1,0.1,4,binary:logistic,18.92543859649123,2,6.766,8.03933333333,7.316
gbtree,0.7,0.01,auc,-2.09757621834,-0.838636420703,-2.07865840843,0.2,0.05,4,binary:logistic,18.92543859649123,2,6.457,8.26533333333,7.502
gbtree,0.7,0.01,auc,-2.09757621834,-0.838636420703,-2.07865840843,0.4,0.05,4,binary:logistic,18.92543859649123,2,6.457,8.26533333333,7.502
gbtree,0.7,0.01,auc,-2.09757621834,-0.838636420703,-2.07865840843,0.6,0.05,4,binary:logistic,18.92543859649123,2,6.457,8.26533333333,7.502
gbtree,0.7,0.01,auc,-2.09757621834,-0.838636420703,-2.07865840843,0.8,0.05,4,binary:logistic,18.92543859649123,2,6.457,8.26533333333,7.502
gbtree,0.7,0.01,auc,-2.09757621834,-0.838636420703,-2.07865840843,1,0.05,4,binary:logistic,18.92543859649123,2,6.457,8.26533333333,7.502
gbtree,0.7,0.01,auc,-1.82793360351,0.102426215084,-2.33256824463,0.2,0.1,4,binary:logistic,18.92543859649123,2,6.766,8.03933333333,7.316
gbtree,0.7,0.01,auc,-1.82793360351,0.102426215084,-2.33256824463,0.4,0.1,4,binary:logistic,18.92543859649123,2,6.766,8.03933333333,7.316
gbtree,0.7,0.01,auc,-1.82793360351,0.102426215084,-2.33256824463,0.6,0.1,4,binary:logistic,18.92543859649123,2,6.766,8.03933333333,7.316
gbtree,0.7,0.01,auc,-1.82793360351,0.102426215084,-2.33256824463,0.8,0.1,4,binary:logistic,18.92543859649123,2,6.766,8.03933333333,7.316
gbtree,0.7,0.01,auc,-1.82793360351,0.102426215084,-2.33256824463,1,0.1,4,binary:logistic,18.92543859649123,2,6.766,8.03933333333,7.316
gbtree,0.7,0.1,auc,-2.09757621834,-0.838636420703,-2.07865840843,0.2,0.05,4,binary:logistic,18.92543859649123,2,6.457,8.26533333333,7.502
gbtree,0.7,0.1,auc,-2.09757621834,-0.838636420703,-2.07865840843,0.4,0.05,4,binary:logistic,18.92543859649123,2,6.457,8.26533333333,7.502
gbtree,0.7,0.1,auc,-2.09757621834,-0.838636420703,-2.07865840843,0.6,0.05,4,binary:logistic,18.92543859649123,2,6.457,8.26533333333,7.502
gbtree,0.7,0.1,auc,-2.09757621834,-0.838636420703,-2.07865840843,0.8,0.05,4,binary:logistic,18.92543859649123,2,6.457,8.26533333333,7.502
gbtree,0.7,0.1,auc,-2.09757621834,-0.838636420703,-2.07865840843,1,0.05,4,binary:logistic,18.92543859649123,2,6.457,8.26533333333,7.502
gbtree,0.7,0.1,auc,-1.82793360351,0.102426215084,-2.33256824463,0.2,0.1,4,binary:logistic,18.92543859649123,2,6.766,8.03933333333,7.316
gbtree,0.7,0.1,auc,-1.82793360351,0.102426215084,-2.33256824463,0.4,0.1,4,binary:logistic,18.92543859649123,2,6.766,8.03933333333,7.316
gbtree,0.7,0.1,auc,-1.82793360351,0.102426215084,-2.33256824463,0.6,0.1,4,binary:logistic,18.92543859649123,2,6.766,8.03933333333,7.316
gbtree,0.7,0.1,auc,-1.82793360351,0.102426215084,-2.33256824463,0.8,0.1,4,binary:logistic,18.92543859649123,2,6.766,8.03933333333,7.316
gbtree,0.7,0.1,auc,-1.82793360351,0.102426215084,-2.33256824463,1,0.1,4,binary:logistic,18.92543859649123,2,6.766,8.03933333333,7.316
gbtree,0.7,0.001,auc,0.461387166621,0.318297900547,-2.12925180879,0.2,0.05,5,binary:logistic,18.92543859649123,2,8.717,8.83666666667,7.324
gbtree,0.7,0.001,auc,0.461387166621,0.318297900547,-2.12925180879,0.4,0.05,5,binary:logistic,18.92543859649123,2,8.717,8.83666666667,7.324
gbtree,0.7,0.001,auc,0.461387166621,0.318297900547,-2.12925180879,0.6,0.05,5,binary:logistic,18.92543859649123,2,8.717,8.83666666667,7.324
gbtree,0.7,0.001,auc,0.461387166621,0.318297900547,-2.12925180879,0.8,0.05,5,binary:logistic,18.92543859649123,2,8.717,8.83666666667,7.324
gbtree,0.7,0.001,auc,0.461387166621,0.318297900547,-2.12925180879,1,0.05,5,binary:logistic,18.92543859649123,2,8.717,8.83666666667,7.324
gbtree,0.7,0.001,auc,-0.950046995525,0.0450041981161,-1.68504709375,0.2,0.1,5,binary:logistic,18.92543859649123,2,7.469,8.088,7.652
gbtree,0.7,0.001,auc,-0.950046995525,0.0450041981161,-1.68504709375,0.4,0.1,5,binary:logistic,18.92543859649123,2,7.469,8.088,7.652
gbtree,0.7,0.001,auc,-0.950046995525,0.0450041981161,-1.68504709375,0.6,0.1,5,binary:logistic,18.92543859649123,2,7.469,8.088,7.652
gbtree,0.7,0.001,auc,-0.950046995525,0.0450041981161,-1.68504709375,0.8,0.1,5,binary:logistic,18.92543859649123,2,7.469,8.088,7.652
gbtree,0.7,0.001,auc,-0.950046995525,0.0450041981161,-1.68504709375,1,0.1,5,binary:logistic,18.92543859649123,2,7.469,8.088,7.652
gbtree,0.7,0.01,auc,0.461387166621,0.318297900547,-2.12925180879,0.2,0.05,5,binary:logistic,18.92543859649123,2,8.717,8.83666666667,7.324
gbtree,0.7,0.01,auc,0.461387166621,0.318297900547,-2.12925180879,0.4,0.05,5,binary:logistic,18.92543859649123,2,8.717,8.83666666667,7.324
gbtree,0.7,0.01,auc,0.461387166621,0.318297900547,-2.12925180879,0.6,0.05,5,binary:logistic,18.92543859649123,2,8.717,8.83666666667,7.324
gbtree,0.7,0.01,auc,0.461387166621,0.318297900547,-2.12925180879,0.8,0.05,5,binary:logistic,18.92543859649123,2,8.717,8.83666666667,7.324
gbtree,0.7,0.01,auc,0.461387166621,0.318297900547,-2.12925180879,1,0.05,5,binary:logistic,18.92543859649123,2,8.717,8.83666666667,7.324
gbtree,0.7,0.01,auc,-0.950046995525,0.0450041981161,-1.68504709375,0.2,0.1,5,binary:logistic,18.92543859649123,2,7.469,8.088,7.652
gbtree,0.7,0.01,auc,-0.950046995525,0.0450041981161,-1.68504709375,0.4,0.1,5,binary:logistic,18.92543859649123,2,7.469,8.088,7.652
gbtree,0.7,0.01,auc,-0.950046995525,0.0450041981161,-1.68504709375,0.6,0.1,5,binary:logistic,18.92543859649123,2,7.469,8.088,7.652
gbtree,0.7,0.01,auc,-0.950046995525,0.0450041981161,-1.68504709375,0.8,0.1,5,binary:logistic,18.92543859649123,2,7.469,8.088,7.652
gbtree,0.7,0.01,auc,-0.950046995525,0.0450041981161,-1.68504709375,1,0.1,5,binary:logistic,18.92543859649123,2,7.469,8.088,7.652
gbtree,0.7,0.1,auc,0.461387166621,0.318297900547,-2.12925180879,0.2,0.05,5,binary:logistic,18.92543859649123,2,8.717,8.83666666667,7.324
gbtree,0.7,0.1,auc,0.461387166621,0.318297900547,-2.12925180879,0.4,0.05,5,binary:logistic,18.92543859649123,2,8.717,8.83666666667,7.324
gbtree,0.7,0.1,auc,0.461387166621,0.318297900547,-2.12925180879,0.6,0.05,5,binary:logistic,18.92543859649123,2,8.717,8.83666666667,7.324
gbtree,0.7,0.1,auc,0.461387166621,0.318297900547,-2.12925180879,0.8,0.05,5,binary:logistic,18.92543859649123,2,8.717,8.83666666667,7.324
gbtree,0.7,0.1,auc,0.461387166621,0.318297900547,-2.12925180879,1,0.05,5,binary:logistic,18.92543859649123,2,8.717,8.83666666667,7.324
gbtree,0.7,0.1,auc,-0.950046995525,0.0450041981161,-1.68504709375,0.2,0.1,5,binary:logistic,18.92543859649123,2,7.469,8.088,7.652
gbtree,0.7,0.1,auc,-0.950046995525,0.0450041981161,-1.68504709375,0.4,0.1,5,binary:logistic,18.92543859649123,2,7.469,8.088,7.652
gbtree,0.7,0.1,auc,-0.950046995525,0.0450041981161,-1.68504709375,0.6,0.1,5,binary:logistic,18.92543859649123,2,7.469,8.088,7.652
gbtree,0.7,0.1,auc,-0.950046995525,0.0450041981161,-1.68504709375,0.8,0.1,5,binary:logistic,18.92543859649123,2,7.469,8.088,7.652
gbtree,0.7,0.1,auc,-0.950046995525,0.0450041981161,-1.68504709375,1,0.1,5,binary:logistic,18.92543859649123,2,7.469,8.088,7.652
gbtree,0.7,0.001,auc,0.62470091494,-0.251845040987,-0.491115767991,0.2,0.05,6,binary:logistic,18.92543859649123,2,8.986,7.91266666667,8.586
gbtree,0.7,0.001,auc,0.62470091494,-0.251845040987,-0.491115767991,0.4,0.05,6,binary:logistic,18.92543859649123,2,8.986,7.91266666667,8.586
gbtree,0.7,0.001,auc,0.62470091494,-0.251845040987,-0.491115767991,0.6,0.05,6,binary:logistic,18.92543859649123,2,8.986,7.91266666667,8.586
gbtree,0.7,0.001,auc,0.62470091494,-0.251845040987,-0.491115767991,0.8,0.05,6,binary:logistic,18.92543859649123,2,8.986,7.91266666667,8.586
gbtree,0.7,0.001,auc,0.62470091494,-0.251845040987,-0.491115767991,1,0.05,6,binary:logistic,18.92543859649123,2,8.986,7.91266666667,8.586
gbtree,0.7,0.001,auc,-2.17917465327,-1.33877774978,-1.88836352959,0.2,0.1,6,binary:logistic,18.92543859649123,2,6.513,7.404,7.644
gbtree,0.7,0.001,auc,-2.17917465327,-1.33877774978,-1.88836352959,0.4,0.1,6,binary:logistic,18.92543859649123,2,6.513,7.404,7.644
gbtree,0.7,0.001,auc,-2.17917465327,-1.33877774978,-1.88836352959,0.6,0.1,6,binary:logistic,18.92543859649123,2,6.513,7.404,7.644
gbtree,0.7,0.001,auc,-2.17917465327,-1.33877774978,-1.88836352959,0.8,0.1,6,binary:logistic,18.92543859649123,2,6.513,7.404,7.644
gbtree,0.7,0.001,auc,-2.17917465327,-1.33877774978,-1.88836352959,1,0.1,6,binary:logistic,18.92543859649123,2,6.513,7.404,7.644
gbtree,0.7,0.01,auc,0.62470091494,-0.251845040987,-0.491115767991,0.2,0.05,6,binary:logistic,18.92543859649123,2,8.986,7.91266666667,8.586
gbtree,0.7,0.01,auc,0.62470091494,-0.251845040987,-0.491115767991,0.4,0.05,6,binary:logistic,18.92543859649123,2,8.986,7.91266666667,8.586
gbtree,0.7,0.01,auc,0.62470091494,-0.251845040987,-0.491115767991,0.6,0.05,6,binary:logistic,18.92543859649123,2,8.986,7.91266666667,8.586
gbtree,0.7,0.01,auc,0.62470091494,-0.251845040987,-0.491115767991,0.8,0.05,6,binary:logistic,18.92543859649123,2,8.986,7.91266666667,8.586
gbtree,0.7,0.01,auc,0.62470091494,-0.251845040987,-0.491115767991,1,0.05,6,binary:logistic,18.92543859649123,2,8.986,7.91266666667,8.586
gbtree,0.7,0.01,auc,-2.17917465327,-1.33877774978,-1.88836352959,0.2,0.1,6,binary:logistic,18.92543859649123,2,6.513,7.404,7.644
gbtree,0.7,0.01,auc,-2.17917465327,-1.33877774978,-1.88836352959,0.4,0.1,6,binary:logistic,18.92543859649123,2,6.513,7.404,7.644
gbtree,0.7,0.01,auc,-2.17917465327,-1.33877774978,-1.88836352959,0.6,0.1,6,binary:logistic,18.92543859649123,2,6.513,7.404,7.644
gbtree,0.7,0.01,auc,-2.17917465327,-1.33877774978,-1.88836352959,0.8,0.1,6,binary:logistic,18.92543859649123,2,6.513,7.404,7.644
gbtree,0.7,0.01,auc,-2.17917465327,-1.33877774978,-1.88836352959,1,0.1,6,binary:logistic,18.92543859649123,2,6.513,7.404,7.644
gbtree,0.7,0.1,auc,0.62470091494,-0.251845040987,-0.491115767991,0.2,0.05,6,binary:logistic,18.92543859649123,2,8.986,7.91266666667,8.586
gbtree,0.7,0.1,auc,0.62470091494,-0.251845040987,-0.491115767991,0.4,0.05,6,binary:logistic,18.92543859649123,2,8.986,7.91266666667,8.586
gbtree,0.7,0.1,auc,0.62470091494,-0.251845040987,-0.491115767991,0.6,0.05,6,binary:logistic,18.92543859649123,2,8.986,7.91266666667,8.586
gbtree,0.7,0.1,auc,0.62470091494,-0.251845040987,-0.491115767991,0.8,0.05,6,binary:logistic,18.92543859649123,2,8.986,7.91266666667,8.586
gbtree,0.7,0.1,auc,0.62470091494,-0.251845040987,-0.491115767991,1,0.05,6,binary:logistic,18.92543859649123,2,8.986,7.91266666667,8.586
gbtree,0.7,0.1,auc,-2.17917465327,-1.33877774978,-1.88836352959,0.2,0.1,6,binary:logistic,18.92543859649123,2,6.513,7.404,7.644
gbtree,0.7,0.1,auc,-2.17917465327,-1.33877774978,-1.88836352959,0.4,0.1,6,binary:logistic,18.92543859649123,2,6.513,7.404,7.644
gbtree,0.7,0.1,auc,-2.17917465327,-1.33877774978,-1.88836352959,0.6,0.1,6,binary:logistic,18.92543859649123,2,6.513,7.404,7.644
gbtree,0.7,0.1,auc,-2.17917465327,-1.33877774978,-1.88836352959,0.8,0.1,6,binary:logistic,18.92543859649123,2,6.513,7.404,7.644
gbtree,0.7,0.1,auc,-2.17917465327,-1.33877774978,-1.88836352959,1,0.1,6,binary:logistic,18.92543859649123,2,6.513,7.404,7.644
gbtree,0.7,0.001,auc,-1.62526343305,-0.519888562894,-1.07024532474,0.2,0.05,4,binary:logistic,18.92543859649123,3,7.592,8.61133333333,9.596
gbtree,0.7,0.001,auc,-1.62526343305,-0.519888562894,-1.07024532474,0.4,0.05,4,binary:logistic,18.92543859649123,3,7.592,8.61133333333,9.596
gbtree,0.7,0.001,auc,-1.62526343305,-0.519888562894,-1.07024532474,0.6,0.05,4,binary:logistic,18.92543859649123,3,7.592,8.61133333333,9.596
gbtree,0.7,0.001,auc,-1.62526343305,-0.519888562894,-1.07024532474,0.8,0.05,4,binary:logistic,18.92543859649123,3,7.592,8.61133333333,9.596
gbtree,0.7,0.001,auc,-1.62526343305,-0.519888562894,-1.07024532474,1,0.05,4,binary:logistic,18.92543859649123,3,7.592,8.61133333333,9.596
gbtree,0.7,0.001,auc,-0.999328162884,0.0866389230797,-1.02591760904,0.2,0.1,4,binary:logistic,18.92543859649123,3,7.351,7.582,8.34
gbtree,0.7,0.001,auc,-0.999328162884,0.0866389230797,-1.02591760904,0.4,0.1,4,binary:logistic,18.92543859649123,3,7.351,7.582,8.34
gbtree,0.7,0.001,auc,-0.999328162884,0.0866389230797,-1.02591760904,0.6,0.1,4,binary:logistic,18.92543859649123,3,7.351,7.582,8.34
gbtree,0.7,0.001,auc,-0.999328162884,0.0866389230797,-1.02591760904,0.8,0.1,4,binary:logistic,18.92543859649123,3,7.351,7.582,8.34
gbtree,0.7,0.001,auc,-0.999328162884,0.0866389230797,-1.02591760904,1,0.1,4,binary:logistic,18.92543859649123,3,7.351,7.582,8.34
gbtree,0.7,0.01,auc,-1.62526343305,-0.519888562894,-1.07024532474,0.2,0.05,4,binary:logistic,18.92543859649123,3,7.592,8.61133333333,9.596
gbtree,0.7,0.01,auc,-1.62526343305,-0.519888562894,-1.07024532474,0.4,0.05,4,binary:logistic,18.92543859649123,3,7.592,8.61133333333,9.596
gbtree,0.7,0.01,auc,-1.62526343305,-0.519888562894,-1.07024532474,0.6,0.05,4,binary:logistic,18.92543859649123,3,7.592,8.61133333333,9.596
gbtree,0.7,0.01,auc,-1.62526343305,-0.519888562894,-1.07024532474,0.8,0.05,4,binary:logistic,18.92543859649123,3,7.592,8.61133333333,9.596
gbtree,0.7,0.01,auc,-1.62526343305,-0.519888562894,-1.07024532474,1,0.05,4,binary:logistic,18.92543859649123,3,7.592,8.61133333333,9.596
gbtree,0.7,0.01,auc,-0.999328162884,0.0866389230797,-1.02591760904,0.2,0.1,4,binary:logistic,18.92543859649123,3,7.351,7.582,8.34
gbtree,0.7,0.01,auc,-0.999328162884,0.0866389230797,-1.02591760904,0.4,0.1,4,binary:logistic,18.92543859649123,3,7.351,7.582,8.34
gbtree,0.7,0.01,auc,-0.999328162884,0.0866389230797,-1.02591760904,0.6,0.1,4,binary:logistic,18.92543859649123,3,7.351,7.582,8.34
gbtree,0.7,0.01,auc,-0.999328162884,0.0866389230797,-1.02591760904,0.8,0.1,4,binary:logistic,18.92543859649123,3,7.351,7.582,8.34
gbtree,0.7,0.01,auc,-0.999328162884,0.0866389230797,-1.02591760904,1,0.1,4,binary:logistic,18.92543859649123,3,7.351,7.582,8.34
gbtree,0.7,0.1,auc,-1.62526343305,-0.519888562894,-1.07024532474,0.2,0.05,4,binary:logistic,18.92543859649123,3,7.592,8.61133333333,9.596
gbtree,0.7,0.1,auc,-1.62526343305,-0.519888562894,-1.07024532474,0.4,0.05,4,binary:logistic,18.92543859649123,3,7.592,8.61133333333,9.596
gbtree,0.7,0.1,auc,-1.62526343305,-0.519888562894,-1.07024532474,0.6,0.05,4,binary:logistic,18.92543859649123,3,7.592,8.61133333333,9.596
gbtree,0.7,0.1,auc,-1.62526343305,-0.519888562894,-1.07024532474,0.8,0.05,4,binary:logistic,18.92543859649123,3,7.592,8.61133333333,9.596
gbtree,0.7,0.1,auc,-1.62526343305,-0.519888562894,-1.07024532474,1,0.05,4,binary:logistic,18.92543859649123,3,7.592,8.61133333333,9.596
gbtree,0.7,0.1,auc,-0.999328162884,0.0866389230797,-1.02591760904,0.2,0.1,4,binary:logistic,18.92543859649123,3,7.351,7.582,8.34
gbtree,0.7,0.1,auc,-0.999328162884,0.0866389230797,-1.02591760904,0.4,0.1,4,binary:logistic,18.92543859649123,3,7.351,7.582,8.34
gbtree,0.7,0.1,auc,-0.999328162884,0.0866389230797,-1.02591760904,0.6,0.1,4,binary:logistic,18.92543859649123,3,7.351,7.582,8.34
gbtree,0.7,0.1,auc,-0.999328162884,0.0866389230797,-1.02591760904,0.8,0.1,4,binary:logistic,18.92543859649123,3,7.351,7.582,8.34
gbtree,0.7,0.1,auc,-0.999328162884,0.0866389230797,-1.02591760904,1,0.1,4,binary:logistic,18.92543859649123,3,7.351,7.582,8.34
gbtree,0.7,0.001,auc,-0.439816598863,-0.150294937573,-1.91409633333,0.2,0.05,5,binary:logistic,18.92543859649123,3,8.535,7.90333333333,7.852
gbtree,0.7,0.001,auc,-0.439816598863,-0.150294937573,-1.91409633333,0.4,0.05,5,binary:logistic,18.92543859649123,3,8.535,7.90333333333,7.852
gbtree,0.7,0.001,auc,-0.439816598863,-0.150294937573,-1.91409633333,0.6,0.05,5,binary:logistic,18.92543859649123,3,8.535,7.90333333333,7.852
gbtree,0.7,0.001,auc,-0.439816598863,-0.150294937573,-1.91409633333,0.8,0.05,5,binary:logistic,18.92543859649123,3,8.535,7.90333333333,7.852
gbtree,0.7,0.001,auc,-0.439816598863,-0.150294937573,-1.91409633333,1,0.05,5,binary:logistic,18.92543859649123,3,8.535,7.90333333333,7.852
gbtree,0.7,0.001,auc,-1.13944423957,-1.13245307578,-0.116392613416,0.2,0.1,5,binary:logistic,18.92543859649123,3,7.199,7.466,8.854
gbtree,0.7,0.001,auc,-1.13944423957,-1.13245307578,-0.116392613416,0.4,0.1,5,binary:logistic,18.92543859649123,3,7.199,7.466,8.854
gbtree,0.7,0.001,auc,-1.13944423957,-1.13245307578,-0.116392613416,0.6,0.1,5,binary:logistic,18.92543859649123,3,7.199,7.466,8.854
gbtree,0.7,0.001,auc,-1.13944423957,-1.13245307578,-0.116392613416,0.8,0.1,5,binary:logistic,18.92543859649123,3,7.199,7.466,8.854
gbtree,0.7,0.001,auc,-1.13944423957,-1.13245307578,-0.116392613416,1,0.1,5,binary:logistic,18.92543859649123,3,7.199,7.466,8.854
gbtree,0.7,0.01,auc,-0.439816598863,-0.150294937573,-1.91409633333,0.2,0.05,5,binary:logistic,18.92543859649123,3,8.535,7.90333333333,7.852
gbtree,0.7,0.01,auc,-0.439816598863,-0.150294937573,-1.91409633333,0.4,0.05,5,binary:logistic,18.92543859649123,3,8.535,7.90333333333,7.852
gbtree,0.7,0.01,auc,-0.439816598863,-0.150294937573,-1.91409633333,0.6,0.05,5,binary:logistic,18.92543859649123,3,8.535,7.90333333333,7.852
gbtree,0.7,0.01,auc,-0.439816598863,-0.150294937573,-1.91409633333,0.8,0.05,5,binary:logistic,18.92543859649123,3,8.535,7.90333333333,7.852
gbtree,0.7,0.01,auc,-0.439816598863,-0.150294937573,-1.91409633333,1,0.05,5,binary:logistic,18.92543859649123,3,8.535,7.90333333333,7.852
gbtree,0.7,0.01,auc,-1.13944423957,-1.13245307578,-0.116392613416,0.2,0.1,5,binary:logistic,18.92543859649123,3,7.199,7.466,8.854
gbtree,0.7,0.01,auc,-1.13944423957,-1.13245307578,-0.116392613416,0.4,0.1,5,binary:logistic,18.92543859649123,3,7.199,7.466,8.854
gbtree,0.7,0.01,auc,-1.13944423957,-1.13245307578,-0.116392613416,0.6,0.1,5,binary:logistic,18.92543859649123,3,7.199,7.466,8.854
gbtree,0.7,0.01,auc,-1.13944423957,-1.13245307578,-0.116392613416,0.8,0.1,5,binary:logistic,18.92543859649123,3,7.199,7.466,8.854
gbtree,0.7,0.01,auc,-1.13944423957,-1.13245307578,-0.116392613416,1,0.1,5,binary:logistic,18.92543859649123,3,7.199,7.466,8.854
gbtree,0.7,0.1,auc,-0.439816598863,-0.150294937573,-1.91409633333,0.2,0.05,5,binary:logistic,18.92543859649123,3,8.535,7.90333333333,7.852
gbtree,0.7,0.1,auc,-0.439816598863,-0.150294937573,-1.91409633333,0.4,0.05,5,binary:logistic,18.92543859649123,3,8.535,7.90333333333,7.852
gbtree,0.7,0.1,auc,-0.439816598863,-0.150294937573,-1.91409633333,0.6,0.05,5,binary:logistic,18.92543859649123,3,8.535,7.90333333333,7.852
gbtree,0.7,0.1,auc,-0.439816598863,-0.150294937573,-1.91409633333,0.8,0.05,5,binary:logistic,18.92543859649123,3,8.535,7.90333333333,7.852
gbtree,0.7,0.1,auc,-0.439816598863,-0.150294937573,-1.91409633333,1,0.05,5,binary:logistic,18.92543859649123,3,8.535,7.90333333333,7.852
gbtree,0.7,0.1,auc,-1.13944423957,-1.13245307578,-0.116392613416,0.2,0.1,5,binary:logistic,18.92543859649123,3,7.199,7.466,8.854
gbtree,0.7,0.1,auc,-1.13944423957,-1.13245307578,-0.116392613416,0.4,0.1,5,binary:logistic,18.92543859649123,3,7.199,7.466,8.854
gbtree,0.7,0.1,auc,-1.13944423957,-1.13245307578,-0.116392613416,0.6,0.1,5,binary:logistic,18.92543859649123,3,7.199,7.466,8.854
gbtree,0.7,0.1,auc,-1.13944423957,-1.13245307578,-0.116392613416,0.8,0.1,5,binary:logistic,18.92543859649123,3,7.199,7.466,8.854
gbtree,0.7,0.1,auc,-1.13944423957,-1.13245307578,-0.116392613416,1,0.1,5,binary:logistic,18.92543859649123,3,7.199,7.466,8.854
gbtree,0.7,0.001,auc,0.231884523062,-0.414612908156,-2.15366211361,0.2,0.05,6,binary:logistic,18.92543859649123,3,7.797,7.24666666667,7.434
gbtree,0.7,0.001,auc,0.231884523062,-0.414612908156,-2.15366211361,0.4,0.05,6,binary:logistic,18.92543859649123,3,7.797,7.24666666667,7.434
gbtree,0.7,0.001,auc,0.231884523062,-0.414612908156,-2.15366211361,0.6,0.05,6,binary:logistic,18.92543859649123,3,7.797,7.24666666667,7.434
gbtree,0.7,0.001,auc,0.231884523062,-0.414612908156,-2.15366211361,0.8,0.05,6,binary:logistic,18.92543859649123,3,7.797,7.24666666667,7.434
gbtree,0.7,0.001,auc,0.231884523062,-0.414612908156,-2.15366211361,1,0.05,6,binary:logistic,18.92543859649123,3,7.797,7.24666666667,7.434
gbtree,0.7,0.001,auc,-1.01382543996,-1.06998056714,-0.491115767991,0.2,0.1,6,binary:logistic,18.92543859649123,3,8.23,8.12,8.586
gbtree,0.7,0.001,auc,-1.01382543996,-1.06998056714,-0.491115767991,0.4,0.1,6,binary:logistic,18.92543859649123,3,8.23,8.12,8.586
gbtree,0.7,0.001,auc,-1.01382543996,-1.06998056714,-0.491115767991,0.6,0.1,6,binary:logistic,18.92543859649123,3,8.23,8.12,8.586
gbtree,0.7,0.001,auc,-1.01382543996,-1.06998056714,-0.491115767991,0.8,0.1,6,binary:logistic,18.92543859649123,3,8.23,8.12,8.586
gbtree,0.7,0.001,auc,-1.01382543996,-1.06998056714,-0.491115767991,1,0.1,6,binary:logistic,18.92543859649123,3,8.23,8.12,8.586
gbtree,0.7,0.01,auc,0.231884523062,-0.414612908156,-2.15366211361,0.2,0.05,6,binary:logistic,18.92543859649123,3,7.797,7.24666666667,7.434
gbtree,0.7,0.01,auc,0.231884523062,-0.414612908156,-2.15366211361,0.4,0.05,6,binary:logistic,18.92543859649123,3,7.797,7.24666666667,7.434
gbtree,0.7,0.01,auc,0.231884523062,-0.414612908156,-2.15366211361,0.6,0.05,6,binary:logistic,18.92543859649123,3,7.797,7.24666666667,7.434
gbtree,0.7,0.01,auc,0.231884523062,-0.414612908156,-2.15366211361,0.8,0.05,6,binary:logistic,18.92543859649123,3,7.797,7.24666666667,7.434
gbtree,0.7,0.01,auc,0.231884523062,-0.414612908156,-2.15366211361,1,0.05,6,binary:logistic,18.92543859649123,3,7.797,7.24666666667,7.434
gbtree,0.7,0.01,auc,-1.01382543996,-1.06998056714,-0.491115767991,0.2,0.1,6,binary:logistic,18.92543859649123,3,8.23,8.12,8.586
gbtree,0.7,0.01,auc,-1.01382543996,-1.06998056714,-0.491115767991,0.4,0.1,6,binary:logistic,18.92543859649123,3,8.23,8.12,8.586
gbtree,0.7,0.01,auc,-1.01382543996,-1.06998056714,-0.491115767991,0.6,0.1,6,binary:logistic,18.92543859649123,3,8.23,8.12,8.586
gbtree,0.7,0.01,auc,-1.01382543996,-1.06998056714,-0.491115767991,0.8,0.1,6,binary:logistic,18.92543859649123,3,8.23,8.12,8.586
gbtree,0.7,0.01,auc,-1.01382543996,-1.06998056714,-0.491115767991,1,0.1,6,binary:logistic,18.92543859649123,3,8.23,8.12,8.586
gbtree,0.7,0.1,auc,0.231884523062,-0.414612908156,-2.15366211361,0.2,0.05,6,binary:logistic,18.92543859649123,3,7.797,7.24666666667,7.434
gbtree,0.7,0.1,auc,0.231884523062,-0.414612908156,-2.15366211361,0.4,0.05,6,binary:logistic,18.92543859649123,3,7.797,7.24666666667,7.434
gbtree,0.7,0.1,auc,0.231884523062,-0.414612908156,-2.15366211361,0.6,0.05,6,binary:logistic,18.92543859649123,3,7.797,7.24666666667,7.434
gbtree,0.7,0.1,auc,0.231884523062,-0.414612908156,-2.15366211361,0.8,0.05,6,binary:logistic,18.92543859649123,3,7.797,7.24666666667,7.434
gbtree,0.7,0.1,auc,0.231884523062,-0.414612908156,-2.15366211361,1,0.05,6,binary:logistic,18.92543859649123,3,7.797,7.24666666667,7.434
gbtree,0.7,0.1,auc,-1.01382543996,-1.06998056714,-0.491115767991,0.2,0.1,6,binary:logistic,18.92543859649123,3,8.23,8.12,8.586
gbtree,0.7,0.1,auc,-1.01382543996,-1.06998056714,-0.491115767991,0.4,0.1,6,binary:logistic,18.92543859649123,3,8.23,8.12,8.586
gbtree,0.7,0.1,auc,-1.01382543996,-1.06998056714,-0.491115767991,0.6,0.1,6,binary:logistic,18.92543859649123,3,8.23,8.12,8.586
gbtree,0.7,0.1,auc,-1.01382543996,-1.06998056714,-0.491115767991,0.8,0.1,6,binary:logistic,18.92543859649123,3,8.23,8.12,8.586
gbtree,0.7,0.1,auc,-1.01382543996,-1.06998056714,-0.491115767991,1,0.1,6,binary:logistic,18.92543859649123,3,8.23,8.12,8.586
gbtree,0.7,0.001,auc,-1.40062823168,0.0101395316086,-2.39941622842,0.2,0.05,4,binary:logistic,18.92543859649123,4,7.864,8.02666666667,7.152
gbtree,0.7,0.001,auc,-1.40062823168,0.0101395316086,-2.39941622842,0.4,0.05,4,binary:logistic,18.92543859649123,4,7.864,8.02666666667,7.152
gbtree,0.7,0.001,auc,-1.40062823168,0.0101395316086,-2.39941622842,0.6,0.05,4,binary:logistic,18.92543859649123,4,7.864,8.02666666667,7.152
gbtree,0.7,0.001,auc,-1.40062823168,0.0101395316086,-2.39941622842,0.8,0.05,4,binary:logistic,18.92543859649123,4,7.864,8.02666666667,7.152
gbtree,0.7,0.001,auc,-1.40062823168,0.0101395316086,-2.39941622842,1,0.05,4,binary:logistic,18.92543859649123,4,7.864,8.02666666667,7.152
gbtree,0.7,0.001,auc,-1.33608768285,-1.20514839393,-1.88836352959,0.2,0.1,4,binary:logistic,18.92543859649123,4,7.074,6.932,7.644
gbtree,0.7,0.001,auc,-1.33608768285,-1.20514839393,-1.88836352959,0.4,0.1,4,binary:logistic,18.92543859649123,4,7.074,6.932,7.644
gbtree,0.7,0.001,auc,-1.33608768285,-1.20514839393,-1.88836352959,0.6,0.1,4,binary:logistic,18.92543859649123,4,7.074,6.932,7.644
gbtree,0.7,0.001,auc,-1.33608768285,-1.20514839393,-1.88836352959,0.8,0.1,4,binary:logistic,18.92543859649123,4,7.074,6.932,7.644
gbtree,0.7,0.001,auc,-1.33608768285,-1.20514839393,-1.88836352959,1,0.1,4,binary:logistic,18.92543859649123,4,7.074,6.932,7.644
gbtree,0.7,0.01,auc,-1.40062823168,0.0101395316086,-2.39941622842,0.2,0.05,4,binary:logistic,18.92543859649123,4,7.864,8.02666666667,7.152
gbtree,0.7,0.01,auc,-1.40062823168,0.0101395316086,-2.39941622842,0.4,0.05,4,binary:logistic,18.92543859649123,4,7.864,8.02666666667,7.152
gbtree,0.7,0.01,auc,-1.40062823168,0.0101395316086,-2.39941622842,0.6,0.05,4,binary:logistic,18.92543859649123,4,7.864,8.02666666667,7.152
gbtree,0.7,0.01,auc,-1.40062823168,0.0101395316086,-2.39941622842,0.8,0.05,4,binary:logistic,18.92543859649123,4,7.864,8.02666666667,7.152
gbtree,0.7,0.01,auc,-1.40062823168,0.0101395316086,-2.39941622842,1,0.05,4,binary:logistic,18.92543859649123,4,7.864,8.02666666667,7.152
gbtree,0.7,0.01,auc,-1.33608768285,-1.20514839393,-1.88836352959,0.2,0.1,4,binary:logistic,18.92543859649123,4,7.074,6.932,7.644
gbtree,0.7,0.01,auc,-1.33608768285,-1.20514839393,-1.88836352959,0.4,0.1,4,binary:logistic,18.92543859649123,4,7.074,6.932,7.644
gbtree,0.7,0.01,auc,-1.33608768285,-1.20514839393,-1.88836352959,0.6,0.1,4,binary:logistic,18.92543859649123,4,7.074,6.932,7.644
gbtree,0.7,0.01,auc,-1.33608768285,-1.20514839393,-1.88836352959,0.8,0.1,4,binary:logistic,18.92543859649123,4,7.074,6.932,7.644
gbtree,0.7,0.01,auc,-1.33608768285,-1.20514839393,-1.88836352959,1,0.1,4,binary:logistic,18.92543859649123,4,7.074,6.932,7.644
gbtree,0.7,0.1,auc,-1.40062823168,0.0101395316086,-2.39941622842,0.2,0.05,4,binary:logistic,18.92543859649123,4,7.864,8.02666666667,7.152
gbtree,0.7,0.1,auc,-1.40062823168,0.0101395316086,-2.39941622842,0.4,0.05,4,binary:logistic,18.92543859649123,4,7.864,8.02666666667,7.152
gbtree,0.7,0.1,auc,-1.40062823168,0.0101395316086,-2.39941622842,0.6,0.05,4,binary:logistic,18.92543859649123,4,7.864,8.02666666667,7.152
gbtree,0.7,0.1,auc,-1.40062823168,0.0101395316086,-2.39941622842,0.8,0.05,4,binary:logistic,18.92543859649123,4,7.864,8.02666666667,7.152
gbtree,0.7,0.1,auc,-1.40062823168,0.0101395316086,-2.39941622842,1,0.05,4,binary:logistic,18.92543859649123,4,7.864,8.02666666667,7.152
gbtree,0.7,0.1,auc,-1.33608768285,-1.20514839393,-1.88836352959,0.2,0.1,4,binary:logistic,18.92543859649123,4,7.074,6.932,7.644
gbtree,0.7,0.1,auc,-1.33608768285,-1.20514839393,-1.88836352959,0.4,0.1,4,binary:logistic,18.92543859649123,4,7.074,6.932,7.644
gbtree,0.7,0.1,auc,-1.33608768285,-1.20514839393,-1.88836352959,0.6,0.1,4,binary:logistic,18.92543859649123,4,7.074,6.932,7.644
gbtree,0.7,0.1,auc,-1.33608768285,-1.20514839393,-1.88836352959,0.8,0.1,4,binary:logistic,18.92543859649123,4,7.074,6.932,7.644
gbtree,0.7,0.1,auc,-1.33608768285,-1.20514839393,-1.88836352959,1,0.1,4,binary:logistic,18.92543859649123,4,7.074,6.932,7.644
gbtree,0.7,0.001,auc,-0.627112074228,-0.254562926816,-1.91409633333,0.2,0.05,5,binary:logistic,18.92543859649123,4,8.424,7.87733333333,7.852
gbtree,0.7,0.001,auc,-0.627112074228,-0.254562926816,-1.91409633333,0.4,0.05,5,binary:logistic,18.92543859649123,4,8.424,7.87733333333,7.852
gbtree,0.7,0.001,auc,-0.627112074228,-0.254562926816,-1.91409633333,0.6,0.05,5,binary:logistic,18.92543859649123,4,8.424,7.87733333333,7.852
gbtree,0.7,0.001,auc,-0.627112074228,-0.254562926816,-1.91409633333,0.8,0.05,5,binary:logistic,18.92543859649123,4,8.424,7.87733333333,7.852
gbtree,0.7,0.001,auc,-0.627112074228,-0.254562926816,-1.91409633333,1,0.05,5,binary:logistic,18.92543859649123,4,8.424,7.87733333333,7.852
gbtree,0.7,0.001,auc,-1.23130147355,-1.42884565385,-2.40770415365,0.2,0.1,5,binary:logistic,18.92543859649123,4,7.114,6.694,7.202
gbtree,0.7,0.001,auc,-1.23130147355,-1.42884565385,-2.40770415365,0.4,0.1,5,binary:logistic,18.92543859649123,4,7.114,6.694,7.202
gbtree,0.7,0.001,auc,-1.23130147355,-1.42884565385,-2.40770415365,0.6,0.1,5,binary:logistic,18.92543859649123,4,7.114,6.694,7.202
gbtree,0.7,0.001,auc,-1.23130147355,-1.42884565385,-2.40770415365,0.8,0.1,5,binary:logistic,18.92543859649123,4,7.114,6.694,7.202
gbtree,0.7,0.001,auc,-1.23130147355,-1.42884565385,-2.40770415365,1,0.1,5,binary:logistic,18.92543859649123,4,7.114,6.694,7.202
gbtree,0.7,0.01,auc,-0.627112074228,-0.254562926816,-1.91409633333,0.2,0.05,5,binary:logistic,18.92543859649123,4,8.424,7.87733333333,7.852
gbtree,0.7,0.01,auc,-0.627112074228,-0.254562926816,-1.91409633333,0.4,0.05,5,binary:logistic,18.92543859649123,4,8.424,7.87733333333,7.852
gbtree,0.7,0.01,auc,-0.627112074228,-0.254562926816,-1.91409633333,0.6,0.05,5,binary:logistic,18.92543859649123,4,8.424,7.87733333333,7.852
gbtree,0.7,0.01,auc,-0.627112074228,-0.254562926816,-1.91409633333,0.8,0.05,5,binary:logistic,18.92543859649123,4,8.424,7.87733333333,7.852
gbtree,0.7,0.01,auc,-0.627112074228,-0.254562926816,-1.91409633333,1,0.05,5,binary:logistic,18.92543859649123,4,8.424,7.87733333333,7.852
gbtree,0.7,0.01,auc,-1.23130147355,-1.42884565385,-2.40770415365,0.2,0.1,5,binary:logistic,18.92543859649123,4,7.114,6.694,7.202
gbtree,0.7,0.01,auc,-1.23130147355,-1.42884565385,-2.40770415365,0.4,0.1,5,binary:logistic,18.92543859649123,4,7.114,6.694,7.202
gbtree,0.7,0.01,auc,-1.23130147355,-1.42884565385,-2.40770415365,0.6,0.1,5,binary:logistic,18.92543859649123,4,7.114,6.694,7.202
gbtree,0.7,0.01,auc,-1.23130147355,-1.42884565385,-2.40770415365,0.8,0.1,5,binary:logistic,18.92543859649123,4,7.114,6.694,7.202
gbtree,0.7,0.01,auc,-1.23130147355,-1.42884565385,-2.40770415365,1,0.1,5,binary:logistic,18.92543859649123,4,7.114,6.694,7.202
gbtree,0.7,0.1,auc,-0.627112074228,-0.254562926816,-1.91409633333,0.2,0.05,5,binary:logistic,18.92543859649123,4,8.424,7.87733333333,7.852
gbtree,0.7,0.1,auc,-0.627112074228,-0.254562926816,-1.91409633333,0.4,0.05,5,binary:logistic,18.92543859649123,4,8.424,7.87733333333,7.852
gbtree,0.7,0.1,auc,-0.627112074228,-0.254562926816,-1.91409633333,0.6,0.05,5,binary:logistic,18.92543859649123,4,8.424,7.87733333333,7.852
gbtree,0.7,0.1,auc,-0.627112074228,-0.254562926816,-1.91409633333,0.8,0.05,5,binary:logistic,18.92543859649123,4,8.424,7.87733333333,7.852
gbtree,0.7,0.1,auc,-0.627112074228,-0.254562926816,-1.91409633333,1,0.05,5,binary:logistic,18.92543859649123,4,8.424,7.87733333333,7.852
gbtree,0.7,0.1,auc,-1.23130147355,-1.42884565385,-2.40770415365,0.2,0.1,5,binary:logistic,18.92543859649123,4,7.114,6.694,7.202
gbtree,0.7,0.1,auc,-1.23130147355,-1.42884565385,-2.40770415365,0.4,0.1,5,binary:logistic,18.92543859649123,4,7.114,6.694,7.202
gbtree,0.7,0.1,auc,-1.23130147355,-1.42884565385,-2.40770415365,0.6,0.1,5,binary:logistic,18.92543859649123,4,7.114,6.694,7.202
gbtree,0.7,0.1,auc,-1.23130147355,-1.42884565385,-2.40770415365,0.8,0.1,5,binary:logistic,18.92543859649123,4,7.114,6.694,7.202
gbtree,0.7,0.1,auc,-1.23130147355,-1.42884565385,-2.40770415365,1,0.1,5,binary:logistic,18.92543859649123,4,7.114,6.694,7.202
gbtree,0.7,0.001,auc,1.16054835081,0.301275477738,0.0984976398487,0.2,0.05,6,binary:logistic,18.92543859649123,4,10.198,8.89466666667,10.614
gbtree,0.7,0.001,auc,1.16054835081,0.301275477738,0.0984976398487,0.4,0.05,6,binary:logistic,18.92543859649123,4,10.198,8.89466666667,10.614
gbtree,0.7,0.001,auc,1.16054835081,0.301275477738,0.0984976398487,0.6,0.05,6,binary:logistic,18.92543859649123,4,10.198,8.89466666667,10.614
gbtree,0.7,0.001,auc,1.16054835081,0.301275477738,0.0984976398487,0.8,0.05,6,binary:logistic,18.92543859649123,4,10.198,8.89466666667,10.614
gbtree,0.7,0.001,auc,1.16054835081,0.301275477738,0.0984976398487,1,0.05,6,binary:logistic,18.92543859649123,4,10.198,8.89466666667,10.614
gbtree,0.7,0.001,auc,-0.926767971016,-0.110422006898,-0.491893824344,0.2,0.1,6,binary:logistic,18.92543859649123,4,7.484,7.402,8.56
gbtree,0.7,0.001,auc,-0.926767971016,-0.110422006898,-0.491893824344,0.4,0.1,6,binary:logistic,18.92543859649123,4,7.484,7.402,8.56
gbtree,0.7,0.001,auc,-0.926767971016,-0.110422006898,-0.491893824344,0.6,0.1,6,binary:logistic,18.92543859649123,4,7.484,7.402,8.56
gbtree,0.7,0.001,auc,-0.926767971016,-0.110422006898,-0.491893824344,0.8,0.1,6,binary:logistic,18.92543859649123,4,7.484,7.402,8.56
gbtree,0.7,0.001,auc,-0.926767971016,-0.110422006898,-0.491893824344,1,0.1,6,binary:logistic,18.92543859649123,4,7.484,7.402,8.56
gbtree,0.7,0.01,auc,1.16054835081,0.301275477738,0.0984976398487,0.2,0.05,6,binary:logistic,18.92543859649123,4,10.198,8.89466666667,10.614
gbtree,0.7,0.01,auc,1.16054835081,0.301275477738,0.0984976398487,0.4,0.05,6,binary:logistic,18.92543859649123,4,10.198,8.89466666667,10.614
gbtree,0.7,0.01,auc,1.16054835081,0.301275477738,0.0984976398487,0.6,0.05,6,binary:logistic,18.92543859649123,4,10.198,8.89466666667,10.614
gbtree,0.7,0.01,auc,1.16054835081,0.301275477738,0.0984976398487,0.8,0.05,6,binary:logistic,18.92543859649123,4,10.198,8.89466666667,10.614
gbtree,0.7,0.01,auc,1.16054835081,0.301275477738,0.0984976398487,1,0.05,6,binary:logistic,18.92543859649123,4,10.198,8.89466666667,10.614
gbtree,0.7,0.01,auc,-0.926767971016,-0.110422006898,-0.491893824344,0.2,0.1,6,binary:logistic,18.92543859649123,4,7.484,7.402,8.56
gbtree,0.7,0.01,auc,-0.926767971016,-0.110422006898,-0.491893824344,0.4,0.1,6,binary:logistic,18.92543859649123,4,7.484,7.402,8.56
gbtree,0.7,0.01,auc,-0.926767971016,-0.110422006898,-0.491893824344,0.6,0.1,6,binary:logistic,18.92543859649123,4,7.484,7.402,8.56
gbtree,0.7,0.01,auc,-0.926767971016,-0.110422006898,-0.491893824344,0.8,0.1,6,binary:logistic,18.92543859649123,4,7.484,7.402,8.56
gbtree,0.7,0.01,auc,-0.926767971016,-0.110422006898,-0.491893824344,1,0.1,6,binary:logistic,18.92543859649123,4,7.484,7.402,8.56
gbtree,0.7,0.1,auc,1.16054835081,0.301275477738,0.0984976398487,0.2,0.05,6,binary:logistic,18.92543859649123,4,10.198,8.89466666667,10.614
gbtree,0.7,0.1,auc,1.16054835081,0.301275477738,0.0984976398487,0.4,0.05,6,binary:logistic,18.92543859649123,4,10.198,8.89466666667,10.614
gbtree,0.7,0.1,auc,1.16054835081,0.301275477738,0.0984976398487,0.6,0.05,6,binary:logistic,18.92543859649123,4,10.198,8.89466666667,10.614
gbtree,0.7,0.1,auc,1.16054835081,0.301275477738,0.0984976398487,0.8,0.05,6,binary:logistic,18.92543859649123,4,10.198,8.89466666667,10.614
gbtree,0.7,0.1,auc,1.16054835081,0.301275477738,0.0984976398487,1,0.05,6,binary:logistic,18.92543859649123,4,10.198,8.89466666667,10.614
gbtree,0.7,0.1,auc,-0.926767971016,-0.110422006898,-0.491893824344,0.2,0.1,6,binary:logistic,18.92543859649123,4,7.484,7.402,8.56
gbtree,0.7,0.1,auc,-0.926767971016,-0.110422006898,-0.491893824344,0.4,0.1,6,binary:logistic,18.92543859649123,4,7.484,7.402,8.56
gbtree,0.7,0.1,auc,-0.926767971016,-0.110422006898,-0.491893824344,0.6,0.1,6,binary:logistic,18.92543859649123,4,7.484,7.402,8.56
gbtree,0.7,0.1,auc,-0.926767971016,-0.110422006898,-0.491893824344,0.8,0.1,6,binary:logistic,18.92543859649123,4,7.484,7.402,8.56
gbtree,0.7,0.1,auc,-0.926767971016,-0.110422006898,-0.491893824344,1,0.1,6,binary:logistic,18.92543859649123,4,7.484,7.402,8.56
gbtree,0.8,0.001,auc,-1.17852587416,-0.8518005144,-1.01965192438,0.2,0.05,4,binary:logistic,18.92543859649123,1,8.028,8.30866666667,9.774
gbtree,0.8,0.001,auc,-1.17852587416,-0.8518005144,-1.01965192438,0.4,0.05,4,binary:logistic,18.92543859649123,1,8.028,8.30866666667,9.774
gbtree,0.8,0.001,auc,-1.17852587416,-0.8518005144,-1.01965192438,0.6,0.05,4,binary:logistic,18.92543859649123,1,8.028,8.30866666667,9.774
gbtree,0.8,0.001,auc,-1.17852587416,-0.8518005144,-1.01965192438,0.8,0.05,4,binary:logistic,18.92543859649123,1,8.028,8.30866666667,9.774
gbtree,0.8,0.001,auc,-1.17852587416,-0.8518005144,-1.01965192438,1,0.05,4,binary:logistic,18.92543859649123,1,8.028,8.30866666667,9.774
gbtree,0.8,0.001,auc,-1.15755339833,-0.149959122059,-2.464688891,0.2,0.1,4,binary:logistic,18.92543859649123,1,7.19,7.31733333333,7.204
gbtree,0.8,0.001,auc,-1.15755339833,-0.149959122059,-2.464688891,0.4,0.1,4,binary:logistic,18.92543859649123,1,7.19,7.31733333333,7.204
gbtree,0.8,0.001,auc,-1.15755339833,-0.149959122059,-2.464688891,0.6,0.1,4,binary:logistic,18.92543859649123,1,7.19,7.31733333333,7.204
gbtree,0.8,0.001,auc,-1.15755339833,-0.149959122059,-2.464688891,0.8,0.1,4,binary:logistic,18.92543859649123,1,7.19,7.31733333333,7.204
gbtree,0.8,0.001,auc,-1.15755339833,-0.149959122059,-2.464688891,1,0.1,4,binary:logistic,18.92543859649123,1,7.19,7.31733333333,7.204
gbtree,0.8,0.01,auc,-1.17852587416,-0.8518005144,-1.01965192438,0.2,0.05,4,binary:logistic,18.92543859649123,1,8.028,8.30866666667,9.774
gbtree,0.8,0.01,auc,-1.17852587416,-0.8518005144,-1.01965192438,0.4,0.05,4,binary:logistic,18.92543859649123,1,8.028,8.30866666667,9.774
gbtree,0.8,0.01,auc,-1.17852587416,-0.8518005144,-1.01965192438,0.6,0.05,4,binary:logistic,18.92543859649123,1,8.028,8.30866666667,9.774
gbtree,0.8,0.01,auc,-1.17852587416,-0.8518005144,-1.01965192438,0.8,0.05,4,binary:logistic,18.92543859649123,1,8.028,8.30866666667,9.774
gbtree,0.8,0.01,auc,-1.17852587416,-0.8518005144,-1.01965192438,1,0.05,4,binary:logistic,18.92543859649123,1,8.028,8.30866666667,9.774
gbtree,0.8,0.01,auc,-1.15755339833,-0.149959122059,-2.464688891,0.2,0.1,4,binary:logistic,18.92543859649123,1,7.19,7.31733333333,7.204
gbtree,0.8,0.01,auc,-1.15755339833,-0.149959122059,-2.464688891,0.4,0.1,4,binary:logistic,18.92543859649123,1,7.19,7.31733333333,7.204
gbtree,0.8,0.01,auc,-1.15755339833,-0.149959122059,-2.464688891,0.6,0.1,4,binary:logistic,18.92543859649123,1,7.19,7.31733333333,7.204
gbtree,0.8,0.01,auc,-1.15755339833,-0.149959122059,-2.464688891,0.8,0.1,4,binary:logistic,18.92543859649123,1,7.19,7.31733333333,7.204
gbtree,0.8,0.01,auc,-1.15755339833,-0.149959122059,-2.464688891,1,0.1,4,binary:logistic,18.92543859649123,1,7.19,7.31733333333,7.204
gbtree,0.8,0.1,auc,-1.17852587416,-0.8518005144,-1.01965192438,0.2,0.05,4,binary:logistic,18.92543859649123,1,8.028,8.30866666667,9.774
gbtree,0.8,0.1,auc,-1.17852587416,-0.8518005144,-1.01965192438,0.4,0.05,4,binary:logistic,18.92543859649123,1,8.028,8.30866666667,9.774
gbtree,0.8,0.1,auc,-1.17852587416,-0.8518005144,-1.01965192438,0.6,0.05,4,binary:logistic,18.92543859649123,1,8.028,8.30866666667,9.774
gbtree,0.8,0.1,auc,-1.17852587416,-0.8518005144,-1.01965192438,0.8,0.05,4,binary:logistic,18.92543859649123,1,8.028,8.30866666667,9.774
gbtree,0.8,0.1,auc,-1.17852587416,-0.8518005144,-1.01965192438,1,0.05,4,binary:logistic,18.92543859649123,1,8.028,8.30866666667,9.774
gbtree,0.8,0.1,auc,-1.15755339833,-0.149959122059,-2.464688891,0.2,0.1,4,binary:logistic,18.92543859649123,1,7.19,7.31733333333,7.204
gbtree,0.8,0.1,auc,-1.15755339833,-0.149959122059,-2.464688891,0.4,0.1,4,binary:logistic,18.92543859649123,1,7.19,7.31733333333,7.204
gbtree,0.8,0.1,auc,-1.15755339833,-0.149959122059,-2.464688891,0.6,0.1,4,binary:logistic,18.92543859649123,1,7.19,7.31733333333,7.204
gbtree,0.8,0.1,auc,-1.15755339833,-0.149959122059,-2.464688891,0.8,0.1,4,binary:logistic,18.92543859649123,1,7.19,7.31733333333,7.204
gbtree,0.8,0.1,auc,-1.15755339833,-0.149959122059,-2.464688891,1,0.1,4,binary:logistic,18.92543859649123,1,7.19,7.31733333333,7.204
gbtree,0.8,0.001,auc,-1.81593271214,-0.603850476172,-1.46989161829,0.2,0.05,5,binary:logistic,18.92543859649123,1,6.825,7.716,8.18
gbtree,0.8,0.001,auc,-1.81593271214,-0.603850476172,-1.46989161829,0.4,0.05,5,binary:logistic,18.92543859649123,1,6.825,7.716,8.18
gbtree,0.8,0.001,auc,-1.81593271214,-0.603850476172,-1.46989161829,0.6,0.05,5,binary:logistic,18.92543859649123,1,6.825,7.716,8.18
gbtree,0.8,0.001,auc,-1.81593271214,-0.603850476172,-1.46989161829,0.8,0.05,5,binary:logistic,18.92543859649123,1,6.825,7.716,8.18
gbtree,0.8,0.001,auc,-1.81593271214,-0.603850476172,-1.46989161829,1,0.05,5,binary:logistic,18.92543859649123,1,6.825,7.716,8.18
gbtree,0.8,0.001,auc,1.02766530967,0.133439295229,-1.72380145449,0.2,0.1,5,binary:logistic,18.92543859649123,1,8.553,7.64466666667,7.994
gbtree,0.8,0.001,auc,1.02766530967,0.133439295229,-1.72380145449,0.4,0.1,5,binary:logistic,18.92543859649123,1,8.553,7.64466666667,7.994
gbtree,0.8,0.001,auc,1.02766530967,0.133439295229,-1.72380145449,0.6,0.1,5,binary:logistic,18.92543859649123,1,8.553,7.64466666667,7.994
gbtree,0.8,0.001,auc,1.02766530967,0.133439295229,-1.72380145449,0.8,0.1,5,binary:logistic,18.92543859649123,1,8.553,7.64466666667,7.994
gbtree,0.8,0.001,auc,1.02766530967,0.133439295229,-1.72380145449,1,0.1,5,binary:logistic,18.92543859649123,1,8.553,7.64466666667,7.994
gbtree,0.8,0.01,auc,-1.81593271214,-0.603850476172,-1.46989161829,0.2,0.05,5,binary:logistic,18.92543859649123,1,6.825,7.716,8.18
gbtree,0.8,0.01,auc,-1.81593271214,-0.603850476172,-1.46989161829,0.4,0.05,5,binary:logistic,18.92543859649123,1,6.825,7.716,8.18
gbtree,0.8,0.01,auc,-1.81593271214,-0.603850476172,-1.46989161829,0.6,0.05,5,binary:logistic,18.92543859649123,1,6.825,7.716,8.18
gbtree,0.8,0.01,auc,-1.81593271214,-0.603850476172,-1.46989161829,0.8,0.05,5,binary:logistic,18.92543859649123,1,6.825,7.716,8.18
gbtree,0.8,0.01,auc,-1.81593271214,-0.603850476172,-1.46989161829,1,0.05,5,binary:logistic,18.92543859649123,1,6.825,7.716,8.18
gbtree,0.8,0.01,auc,1.02766530967,0.133439295229,-1.72380145449,0.2,0.1,5,binary:logistic,18.92543859649123,1,8.553,7.64466666667,7.994
gbtree,0.8,0.01,auc,1.02766530967,0.133439295229,-1.72380145449,0.4,0.1,5,binary:logistic,18.92543859649123,1,8.553,7.64466666667,7.994
gbtree,0.8,0.01,auc,1.02766530967,0.133439295229,-1.72380145449,0.6,0.1,5,binary:logistic,18.92543859649123,1,8.553,7.64466666667,7.994
gbtree,0.8,0.01,auc,1.02766530967,0.133439295229,-1.72380145449,0.8,0.1,5,binary:logistic,18.92543859649123,1,8.553,7.64466666667,7.994
gbtree,0.8,0.01,auc,1.02766530967,0.133439295229,-1.72380145449,1,0.1,5,binary:logistic,18.92543859649123,1,8.553,7.64466666667,7.994
gbtree,0.8,0.1,auc,-1.81593271214,-0.603850476172,-1.46989161829,0.2,0.05,5,binary:logistic,18.92543859649123,1,6.825,7.716,8.18
gbtree,0.8,0.1,auc,-1.81593271214,-0.603850476172,-1.46989161829,0.4,0.05,5,binary:logistic,18.92543859649123,1,6.825,7.716,8.18
gbtree,0.8,0.1,auc,-1.81593271214,-0.603850476172,-1.46989161829,0.6,0.05,5,binary:logistic,18.92543859649123,1,6.825,7.716,8.18
gbtree,0.8,0.1,auc,-1.81593271214,-0.603850476172,-1.46989161829,0.8,0.05,5,binary:logistic,18.92543859649123,1,6.825,7.716,8.18
gbtree,0.8,0.1,auc,-1.81593271214,-0.603850476172,-1.46989161829,1,0.05,5,binary:logistic,18.92543859649123,1,6.825,7.716,8.18
gbtree,0.8,0.1,auc,1.02766530967,0.133439295229,-1.72380145449,0.2,0.1,5,binary:logistic,18.92543859649123,1,8.553,7.64466666667,7.994
gbtree,0.8,0.1,auc,1.02766530967,0.133439295229,-1.72380145449,0.4,0.1,5,binary:logistic,18.92543859649123,1,8.553,7.64466666667,7.994
gbtree,0.8,0.1,auc,1.02766530967,0.133439295229,-1.72380145449,0.6,0.1,5,binary:logistic,18.92543859649123,1,8.553,7.64466666667,7.994
gbtree,0.8,0.1,auc,1.02766530967,0.133439295229,-1.72380145449,0.8,0.1,5,binary:logistic,18.92543859649123,1,8.553,7.64466666667,7.994
gbtree,0.8,0.1,auc,1.02766530967,0.133439295229,-1.72380145449,1,0.1,5,binary:logistic,18.92543859649123,1,8.553,7.64466666667,7.994
gbtree,0.8,0.001,auc,0.568597653432,-0.298835540255,-2.07865840843,0.2,0.05,6,binary:logistic,18.92543859649123,1,8.003,7.88533333333,7.502
gbtree,0.8,0.001,auc,0.568597653432,-0.298835540255,-2.07865840843,0.4,0.05,6,binary:logistic,18.92543859649123,1,8.003,7.88533333333,7.502
gbtree,0.8,0.001,auc,0.568597653432,-0.298835540255,-2.07865840843,0.6,0.05,6,binary:logistic,18.92543859649123,1,8.003,7.88533333333,7.502
gbtree,0.8,0.001,auc,0.568597653432,-0.298835540255,-2.07865840843,0.8,0.05,6,binary:logistic,18.92543859649123,1,8.003,7.88533333333,7.502
gbtree,0.8,0.001,auc,0.568597653432,-0.298835540255,-2.07865840843,1,0.05,6,binary:logistic,18.92543859649123,1,8.003,7.88533333333,7.502
gbtree,0.8,0.001,auc,-1.45094280454,-1.27719013006,-0.22124914224,0.2,0.1,6,binary:logistic,18.92543859649123,1,6.996,6.74666666667,8.778
gbtree,0.8,0.001,auc,-1.45094280454,-1.27719013006,-0.22124914224,0.4,0.1,6,binary:logistic,18.92543859649123,1,6.996,6.74666666667,8.778
gbtree,0.8,0.001,auc,-1.45094280454,-1.27719013006,-0.22124914224,0.6,0.1,6,binary:logistic,18.92543859649123,1,6.996,6.74666666667,8.778
gbtree,0.8,0.001,auc,-1.45094280454,-1.27719013006,-0.22124914224,0.8,0.1,6,binary:logistic,18.92543859649123,1,6.996,6.74666666667,8.778
gbtree,0.8,0.001,auc,-1.45094280454,-1.27719013006,-0.22124914224,1,0.1,6,binary:logistic,18.92543859649123,1,6.996,6.74666666667,8.778
gbtree,0.8,0.01,auc,0.568597653432,-0.298835540255,-2.07865840843,0.2,0.05,6,binary:logistic,18.92543859649123,1,8.003,7.88533333333,7.502
gbtree,0.8,0.01,auc,0.568597653432,-0.298835540255,-2.07865840843,0.4,0.05,6,binary:logistic,18.92543859649123,1,8.003,7.88533333333,7.502
gbtree,0.8,0.01,auc,0.568597653432,-0.298835540255,-2.07865840843,0.6,0.05,6,binary:logistic,18.92543859649123,1,8.003,7.88533333333,7.502
gbtree,0.8,0.01,auc,0.568597653432,-0.298835540255,-2.07865840843,0.8,0.05,6,binary:logistic,18.92543859649123,1,8.003,7.88533333333,7.502
gbtree,0.8,0.01,auc,0.568597653432,-0.298835540255,-2.07865840843,1,0.05,6,binary:logistic,18.92543859649123,1,8.003,7.88533333333,7.502
gbtree,0.8,0.01,auc,-1.45094280454,-1.27719013006,-0.22124914224,0.2,0.1,6,binary:logistic,18.92543859649123,1,6.996,6.74666666667,8.778
gbtree,0.8,0.01,auc,-1.45094280454,-1.27719013006,-0.22124914224,0.4,0.1,6,binary:logistic,18.92543859649123,1,6.996,6.74666666667,8.778
gbtree,0.8,0.01,auc,-1.45094280454,-1.27719013006,-0.22124914224,0.6,0.1,6,binary:logistic,18.92543859649123,1,6.996,6.74666666667,8.778
gbtree,0.8,0.01,auc,-1.45094280454,-1.27719013006,-0.22124914224,0.8,0.1,6,binary:logistic,18.92543859649123,1,6.996,6.74666666667,8.778
gbtree,0.8,0.01,auc,-1.45094280454,-1.27719013006,-0.22124914224,1,0.1,6,binary:logistic,18.92543859649123,1,6.996,6.74666666667,8.778
gbtree,0.8,0.1,auc,0.568597653432,-0.298835540255,-2.07865840843,0.2,0.05,6,binary:logistic,18.92543859649123,1,8.003,7.88533333333,7.502
gbtree,0.8,0.1,auc,0.568597653432,-0.298835540255,-2.07865840843,0.4,0.05,6,binary:logistic,18.92543859649123,1,8.003,7.88533333333,7.502
gbtree,0.8,0.1,auc,0.568597653432,-0.298835540255,-2.07865840843,0.6,0.05,6,binary:logistic,18.92543859649123,1,8.003,7.88533333333,7.502
gbtree,0.8,0.1,auc,0.568597653432,-0.298835540255,-2.07865840843,0.8,0.05,6,binary:logistic,18.92543859649123,1,8.003,7.88533333333,7.502
gbtree,0.8,0.1,auc,0.568597653432,-0.298835540255,-2.07865840843,1,0.05,6,binary:logistic,18.92543859649123,1,8.003,7.88533333333,7.502
gbtree,0.8,0.1,auc,-1.45094280454,-1.27719013006,-0.22124914224,0.2,0.1,6,binary:logistic,18.92543859649123,1,6.996,6.74666666667,8.778
gbtree,0.8,0.1,auc,-1.45094280454,-1.27719013006,-0.22124914224,0.4,0.1,6,binary:logistic,18.92543859649123,1,6.996,6.74666666667,8.778
gbtree,0.8,0.1,auc,-1.45094280454,-1.27719013006,-0.22124914224,0.6,0.1,6,binary:logistic,18.92543859649123,1,6.996,6.74666666667,8.778
gbtree,0.8,0.1,auc,-1.45094280454,-1.27719013006,-0.22124914224,0.8,0.1,6,binary:logistic,18.92543859649123,1,6.996,6.74666666667,8.778
gbtree,0.8,0.1,auc,-1.45094280454,-1.27719013006,-0.22124914224,1,0.1,6,binary:logistic,18.92543859649123,1,6.996,6.74666666667,8.778
gbtree,0.8,0.001,auc,-1.35562081821,0.452862681108,-1.07024532474,0.2,0.05,4,binary:logistic,18.92543859649123,2,7.901,8.98733333333,9.596
gbtree,0.8,0.001,auc,-1.35562081821,0.452862681108,-1.07024532474,0.4,0.05,4,binary:logistic,18.92543859649123,2,7.901,8.98733333333,9.596
gbtree,0.8,0.001,auc,-1.35562081821,0.452862681108,-1.07024532474,0.6,0.05,4,binary:logistic,18.92543859649123,2,7.901,8.98733333333,9.596
gbtree,0.8,0.001,auc,-1.35562081821,0.452862681108,-1.07024532474,0.8,0.05,4,binary:logistic,18.92543859649123,2,7.901,8.98733333333,9.596
gbtree,0.8,0.001,auc,-1.35562081821,0.452862681108,-1.07024532474,1,0.05,4,binary:logistic,18.92543859649123,2,7.901,8.98733333333,9.596
gbtree,0.8,0.001,auc,-0.752844029038,0.126056795173,-1.52048501866,0.2,0.1,4,binary:logistic,18.92543859649123,2,7.622,7.632,8.002
gbtree,0.8,0.001,auc,-0.752844029038,0.126056795173,-1.52048501866,0.4,0.1,4,binary:logistic,18.92543859649123,2,7.622,7.632,8.002
gbtree,0.8,0.001,auc,-0.752844029038,0.126056795173,-1.52048501866,0.6,0.1,4,binary:logistic,18.92543859649123,2,7.622,7.632,8.002
gbtree,0.8,0.001,auc,-0.752844029038,0.126056795173,-1.52048501866,0.8,0.1,4,binary:logistic,18.92543859649123,2,7.622,7.632,8.002
gbtree,0.8,0.001,auc,-0.752844029038,0.126056795173,-1.52048501866,1,0.1,4,binary:logistic,18.92543859649123,2,7.622,7.632,8.002
gbtree,0.8,0.01,auc,-1.35562081821,0.452862681108,-1.07024532474,0.2,0.05,4,binary:logistic,18.92543859649123,2,7.901,8.98733333333,9.596
gbtree,0.8,0.01,auc,-1.35562081821,0.452862681108,-1.07024532474,0.4,0.05,4,binary:logistic,18.92543859649123,2,7.901,8.98733333333,9.596
gbtree,0.8,0.01,auc,-1.35562081821,0.452862681108,-1.07024532474,0.6,0.05,4,binary:logistic,18.92543859649123,2,7.901,8.98733333333,9.596
gbtree,0.8,0.01,auc,-1.35562081821,0.452862681108,-1.07024532474,0.8,0.05,4,binary:logistic,18.92543859649123,2,7.901,8.98733333333,9.596
gbtree,0.8,0.01,auc,-1.35562081821,0.452862681108,-1.07024532474,1,0.05,4,binary:logistic,18.92543859649123,2,7.901,8.98733333333,9.596
gbtree,0.8,0.01,auc,-0.752844029038,0.126056795173,-1.52048501866,0.2,0.1,4,binary:logistic,18.92543859649123,2,7.622,7.632,8.002
gbtree,0.8,0.01,auc,-0.752844029038,0.126056795173,-1.52048501866,0.4,0.1,4,binary:logistic,18.92543859649123,2,7.622,7.632,8.002
gbtree,0.8,0.01,auc,-0.752844029038,0.126056795173,-1.52048501866,0.6,0.1,4,binary:logistic,18.92543859649123,2,7.622,7.632,8.002
gbtree,0.8,0.01,auc,-0.752844029038,0.126056795173,-1.52048501866,0.8,0.1,4,binary:logistic,18.92543859649123,2,7.622,7.632,8.002
gbtree,0.8,0.01,auc,-0.752844029038,0.126056795173,-1.52048501866,1,0.1,4,binary:logistic,18.92543859649123,2,7.622,7.632,8.002
gbtree,0.8,0.1,auc,-1.35562081821,0.452862681108,-1.07024532474,0.2,0.05,4,binary:logistic,18.92543859649123,2,7.901,8.98733333333,9.596
gbtree,0.8,0.1,auc,-1.35562081821,0.452862681108,-1.07024532474,0.4,0.05,4,binary:logistic,18.92543859649123,2,7.901,8.98733333333,9.596
gbtree,0.8,0.1,auc,-1.35562081821,0.452862681108,-1.07024532474,0.6,0.05,4,binary:logistic,18.92543859649123,2,7.901,8.98733333333,9.596
gbtree,0.8,0.1,auc,-1.35562081821,0.452862681108,-1.07024532474,0.8,0.05,4,binary:logistic,18.92543859649123,2,7.901,8.98733333333,9.596
gbtree,0.8,0.1,auc,-1.35562081821,0.452862681108,-1.07024532474,1,0.05,4,binary:logistic,18.92543859649123,2,7.901,8.98733333333,9.596
gbtree,0.8,0.1,auc,-0.752844029038,0.126056795173,-1.52048501866,0.2,0.1,4,binary:logistic,18.92543859649123,2,7.622,7.632,8.002
gbtree,0.8,0.1,auc,-0.752844029038,0.126056795173,-1.52048501866,0.4,0.1,4,binary:logistic,18.92543859649123,2,7.622,7.632,8.002
gbtree,0.8,0.1,auc,-0.752844029038,0.126056795173,-1.52048501866,0.6,0.1,4,binary:logistic,18.92543859649123,2,7.622,7.632,8.002
gbtree,0.8,0.1,auc,-0.752844029038,0.126056795173,-1.52048501866,0.8,0.1,4,binary:logistic,18.92543859649123,2,7.622,7.632,8.002
gbtree,0.8,0.1,auc,-0.752844029038,0.126056795173,-1.52048501866,1,0.1,4,binary:logistic,18.92543859649123,2,7.622,7.632,8.002
gbtree,0.8,0.001,auc,-0.752508737061,-0.914454508481,-2.46811973253,0.2,0.05,5,binary:logistic,18.92543859649123,2,7.372,7.75266666667,7.118
gbtree,0.8,0.001,auc,-0.752508737061,-0.914454508481,-2.46811973253,0.4,0.05,5,binary:logistic,18.92543859649123,2,7.372,7.75266666667,7.118
gbtree,0.8,0.001,auc,-0.752508737061,-0.914454508481,-2.46811973253,0.6,0.05,5,binary:logistic,18.92543859649123,2,7.372,7.75266666667,7.118
gbtree,0.8,0.001,auc,-0.752508737061,-0.914454508481,-2.46811973253,0.8,0.05,5,binary:logistic,18.92543859649123,2,7.372,7.75266666667,7.118
gbtree,0.8,0.001,auc,-0.752508737061,-0.914454508481,-2.46811973253,1,0.05,5,binary:logistic,18.92543859649123,2,7.372,7.75266666667,7.118
gbtree,0.8,0.001,auc,-0.880169679292,-1.34134999487,-2.37577249714,0.2,0.1,5,binary:logistic,18.92543859649123,2,7.317,6.73866666667,7.152
gbtree,0.8,0.001,auc,-0.880169679292,-1.34134999487,-2.37577249714,0.4,0.1,5,binary:logistic,18.92543859649123,2,7.317,6.73866666667,7.152
gbtree,0.8,0.001,auc,-0.880169679292,-1.34134999487,-2.37577249714,0.6,0.1,5,binary:logistic,18.92543859649123,2,7.317,6.73866666667,7.152
gbtree,0.8,0.001,auc,-0.880169679292,-1.34134999487,-2.37577249714,0.8,0.1,5,binary:logistic,18.92543859649123,2,7.317,6.73866666667,7.152
gbtree,0.8,0.001,auc,-0.880169679292,-1.34134999487,-2.37577249714,1,0.1,5,binary:logistic,18.92543859649123,2,7.317,6.73866666667,7.152
gbtree,0.8,0.01,auc,-0.752508737061,-0.914454508481,-2.46811973253,0.2,0.05,5,binary:logistic,18.92543859649123,2,7.372,7.75266666667,7.118
gbtree,0.8,0.01,auc,-0.752508737061,-0.914454508481,-2.46811973253,0.4,0.05,5,binary:logistic,18.92543859649123,2,7.372,7.75266666667,7.118
gbtree,0.8,0.01,auc,-0.752508737061,-0.914454508481,-2.46811973253,0.6,0.05,5,binary:logistic,18.92543859649123,2,7.372,7.75266666667,7.118
gbtree,0.8,0.01,auc,-0.752508737061,-0.914454508481,-2.46811973253,0.8,0.05,5,binary:logistic,18.92543859649123,2,7.372,7.75266666667,7.118
gbtree,0.8,0.01,auc,-0.752508737061,-0.914454508481,-2.46811973253,1,0.05,5,binary:logistic,18.92543859649123,2,7.372,7.75266666667,7.118
gbtree,0.8,0.01,auc,-0.880169679292,-1.34134999487,-2.37577249714,0.2,0.1,5,binary:logistic,18.92543859649123,2,7.317,6.73866666667,7.152
gbtree,0.8,0.01,auc,-0.880169679292,-1.34134999487,-2.37577249714,0.4,0.1,5,binary:logistic,18.92543859649123,2,7.317,6.73866666667,7.152
gbtree,0.8,0.01,auc,-0.880169679292,-1.34134999487,-2.37577249714,0.6,0.1,5,binary:logistic,18.92543859649123,2,7.317,6.73866666667,7.152
gbtree,0.8,0.01,auc,-0.880169679292,-1.34134999487,-2.37577249714,0.8,0.1,5,binary:logistic,18.92543859649123,2,7.317,6.73866666667,7.152
gbtree,0.8,0.01,auc,-0.880169679292,-1.34134999487,-2.37577249714,1,0.1,5,binary:logistic,18.92543859649123,2,7.317,6.73866666667,7.152
gbtree,0.8,0.1,auc,-0.752508737061,-0.914454508481,-2.46811973253,0.2,0.05,5,binary:logistic,18.92543859649123,2,7.372,7.75266666667,7.118
gbtree,0.8,0.1,auc,-0.752508737061,-0.914454508481,-2.46811973253,0.4,0.05,5,binary:logistic,18.92543859649123,2,7.372,7.75266666667,7.118
gbtree,0.8,0.1,auc,-0.752508737061,-0.914454508481,-2.46811973253,0.6,0.05,5,binary:logistic,18.92543859649123,2,7.372,7.75266666667,7.118
gbtree,0.8,0.1,auc,-0.752508737061,-0.914454508481,-2.46811973253,0.8,0.05,5,binary:logistic,18.92543859649123,2,7.372,7.75266666667,7.118
gbtree,0.8,0.1,auc,-0.752508737061,-0.914454508481,-2.46811973253,1,0.05,5,binary:logistic,18.92543859649123,2,7.372,7.75266666667,7.118
gbtree,0.8,0.1,auc,-0.880169679292,-1.34134999487,-2.37577249714,0.2,0.1,5,binary:logistic,18.92543859649123,2,7.317,6.73866666667,7.152
gbtree,0.8,0.1,auc,-0.880169679292,-1.34134999487,-2.37577249714,0.4,0.1,5,binary:logistic,18.92543859649123,2,7.317,6.73866666667,7.152
gbtree,0.8,0.1,auc,-0.880169679292,-1.34134999487,-2.37577249714,0.6,0.1,5,binary:logistic,18.92543859649123,2,7.317,6.73866666667,7.152
gbtree,0.8,0.1,auc,-0.880169679292,-1.34134999487,-2.37577249714,0.8,0.1,5,binary:logistic,18.92543859649123,2,7.317,6.73866666667,7.152
gbtree,0.8,0.1,auc,-0.880169679292,-1.34134999487,-2.37577249714,1,0.1,5,binary:logistic,18.92543859649123,2,7.317,6.73866666667,7.152
gbtree,0.8,0.001,auc,-1.15288603626,-0.0288255155759,-2.84209949611,0.2,0.05,6,binary:logistic,18.92543859649123,2,8.337,8.14866666667,7.016
gbtree,0.8,0.001,auc,-1.15288603626,-0.0288255155759,-2.84209949611,0.4,0.05,6,binary:logistic,18.92543859649123,2,8.337,8.14866666667,7.016
gbtree,0.8,0.001,auc,-1.15288603626,-0.0288255155759,-2.84209949611,0.6,0.05,6,binary:logistic,18.92543859649123,2,8.337,8.14866666667,7.016
gbtree,0.8,0.001,auc,-1.15288603626,-0.0288255155759,-2.84209949611,0.8,0.05,6,binary:logistic,18.92543859649123,2,8.337,8.14866666667,7.016
gbtree,0.8,0.001,auc,-1.15288603626,-0.0288255155759,-2.84209949611,1,0.05,6,binary:logistic,18.92543859649123,2,8.337,8.14866666667,7.016
gbtree,0.8,0.001,auc,-1.56347025002,-1.06010087305,-1.93895692995,0.2,0.1,6,binary:logistic,18.92543859649123,2,7.728,7.50666666667,7.466
gbtree,0.8,0.001,auc,-1.56347025002,-1.06010087305,-1.93895692995,0.4,0.1,6,binary:logistic,18.92543859649123,2,7.728,7.50666666667,7.466
gbtree,0.8,0.001,auc,-1.56347025002,-1.06010087305,-1.93895692995,0.6,0.1,6,binary:logistic,18.92543859649123,2,7.728,7.50666666667,7.466
gbtree,0.8,0.001,auc,-1.56347025002,-1.06010087305,-1.93895692995,0.8,0.1,6,binary:logistic,18.92543859649123,2,7.728,7.50666666667,7.466
gbtree,0.8,0.001,auc,-1.56347025002,-1.06010087305,-1.93895692995,1,0.1,6,binary:logistic,18.92543859649123,2,7.728,7.50666666667,7.466
gbtree,0.8,0.01,auc,-1.15288603626,-0.0288255155759,-2.84209949611,0.2,0.05,6,binary:logistic,18.92543859649123,2,8.337,8.14866666667,7.016
gbtree,0.8,0.01,auc,-1.15288603626,-0.0288255155759,-2.84209949611,0.4,0.05,6,binary:logistic,18.92543859649123,2,8.337,8.14866666667,7.016
gbtree,0.8,0.01,auc,-1.15288603626,-0.0288255155759,-2.84209949611,0.6,0.05,6,binary:logistic,18.92543859649123,2,8.337,8.14866666667,7.016
gbtree,0.8,0.01,auc,-1.15288603626,-0.0288255155759,-2.84209949611,0.8,0.05,6,binary:logistic,18.92543859649123,2,8.337,8.14866666667,7.016
gbtree,0.8,0.01,auc,-1.15288603626,-0.0288255155759,-2.84209949611,1,0.05,6,binary:logistic,18.92543859649123,2,8.337,8.14866666667,7.016
gbtree,0.8,0.01,auc,-1.56347025002,-1.06010087305,-1.93895692995,0.2,0.1,6,binary:logistic,18.92543859649123,2,7.728,7.50666666667,7.466
gbtree,0.8,0.01,auc,-1.56347025002,-1.06010087305,-1.93895692995,0.4,0.1,6,binary:logistic,18.92543859649123,2,7.728,7.50666666667,7.466
gbtree,0.8,0.01,auc,-1.56347025002,-1.06010087305,-1.93895692995,0.6,0.1,6,binary:logistic,18.92543859649123,2,7.728,7.50666666667,7.466
gbtree,0.8,0.01,auc,-1.56347025002,-1.06010087305,-1.93895692995,0.8,0.1,6,binary:logistic,18.92543859649123,2,7.728,7.50666666667,7.466
gbtree,0.8,0.01,auc,-1.56347025002,-1.06010087305,-1.93895692995,1,0.1,6,binary:logistic,18.92543859649123,2,7.728,7.50666666667,7.466
gbtree,0.8,0.1,auc,-1.15288603626,-0.0288255155759,-2.84209949611,0.2,0.05,6,binary:logistic,18.92543859649123,2,8.337,8.14866666667,7.016
gbtree,0.8,0.1,auc,-1.15288603626,-0.0288255155759,-2.84209949611,0.4,0.05,6,binary:logistic,18.92543859649123,2,8.337,8.14866666667,7.016
gbtree,0.8,0.1,auc,-1.15288603626,-0.0288255155759,-2.84209949611,0.6,0.05,6,binary:logistic,18.92543859649123,2,8.337,8.14866666667,7.016
gbtree,0.8,0.1,auc,-1.15288603626,-0.0288255155759,-2.84209949611,0.8,0.05,6,binary:logistic,18.92543859649123,2,8.337,8.14866666667,7.016
gbtree,0.8,0.1,auc,-1.15288603626,-0.0288255155759,-2.84209949611,1,0.05,6,binary:logistic,18.92543859649123,2,8.337,8.14866666667,7.016
gbtree,0.8,0.1,auc,-1.56347025002,-1.06010087305,-1.93895692995,0.2,0.1,6,binary:logistic,18.92543859649123,2,7.728,7.50666666667,7.466
gbtree,0.8,0.1,auc,-1.56347025002,-1.06010087305,-1.93895692995,0.4,0.1,6,binary:logistic,18.92543859649123,2,7.728,7.50666666667,7.466
gbtree,0.8,0.1,auc,-1.56347025002,-1.06010087305,-1.93895692995,0.6,0.1,6,binary:logistic,18.92543859649123,2,7.728,7.50666666667,7.466
gbtree,0.8,0.1,auc,-1.56347025002,-1.06010087305,-1.93895692995,0.8,0.1,6,binary:logistic,18.92543859649123,2,7.728,7.50666666667,7.466
gbtree,0.8,0.1,auc,-1.56347025002,-1.06010087305,-1.93895692995,1,0.1,6,binary:logistic,18.92543859649123,2,7.728,7.50666666667,7.466
gbtree,0.8,0.001,auc,-1.00870288412,-0.660157116079,-1.07024532474,0.2,0.05,4,binary:logistic,18.92543859649123,3,8.144,8.42466666667,9.596
gbtree,0.8,0.001,auc,-1.00870288412,-0.660157116079,-1.07024532474,0.4,0.05,4,binary:logistic,18.92543859649123,3,8.144,8.42466666667,9.596
gbtree,0.8,0.001,auc,-1.00870288412,-0.660157116079,-1.07024532474,0.6,0.05,4,binary:logistic,18.92543859649123,3,8.144,8.42466666667,9.596
gbtree,0.8,0.001,auc,-1.00870288412,-0.660157116079,-1.07024532474,0.8,0.05,4,binary:logistic,18.92543859649123,3,8.144,8.42466666667,9.596
gbtree,0.8,0.001,auc,-1.00870288412,-0.660157116079,-1.07024532474,1,0.05,4,binary:logistic,18.92543859649123,3,8.144,8.42466666667,9.596
gbtree,0.8,0.001,auc,-1.49412423451,-0.46402474985,-1.68504709375,0.2,0.1,4,binary:logistic,18.92543859649123,3,6.971,7.23466666667,7.652
gbtree,0.8,0.001,auc,-1.49412423451,-0.46402474985,-1.68504709375,0.4,0.1,4,binary:logistic,18.92543859649123,3,6.971,7.23466666667,7.652
gbtree,0.8,0.001,auc,-1.49412423451,-0.46402474985,-1.68504709375,0.6,0.1,4,binary:logistic,18.92543859649123,3,6.971,7.23466666667,7.652
gbtree,0.8,0.001,auc,-1.49412423451,-0.46402474985,-1.68504709375,0.8,0.1,4,binary:logistic,18.92543859649123,3,6.971,7.23466666667,7.652
gbtree,0.8,0.001,auc,-1.49412423451,-0.46402474985,-1.68504709375,1,0.1,4,binary:logistic,18.92543859649123,3,6.971,7.23466666667,7.652
gbtree,0.8,0.01,auc,-1.00870288412,-0.660157116079,-1.07024532474,0.2,0.05,4,binary:logistic,18.92543859649123,3,8.144,8.42466666667,9.596
gbtree,0.8,0.01,auc,-1.00870288412,-0.660157116079,-1.07024532474,0.4,0.05,4,binary:logistic,18.92543859649123,3,8.144,8.42466666667,9.596
gbtree,0.8,0.01,auc,-1.00870288412,-0.660157116079,-1.07024532474,0.6,0.05,4,binary:logistic,18.92543859649123,3,8.144,8.42466666667,9.596
gbtree,0.8,0.01,auc,-1.00870288412,-0.660157116079,-1.07024532474,0.8,0.05,4,binary:logistic,18.92543859649123,3,8.144,8.42466666667,9.596
gbtree,0.8,0.01,auc,-1.00870288412,-0.660157116079,-1.07024532474,1,0.05,4,binary:logistic,18.92543859649123,3,8.144,8.42466666667,9.596
gbtree,0.8,0.01,auc,-1.49412423451,-0.46402474985,-1.68504709375,0.2,0.1,4,binary:logistic,18.92543859649123,3,6.971,7.23466666667,7.652
gbtree,0.8,0.01,auc,-1.49412423451,-0.46402474985,-1.68504709375,0.4,0.1,4,binary:logistic,18.92543859649123,3,6.971,7.23466666667,7.652
gbtree,0.8,0.01,auc,-1.49412423451,-0.46402474985,-1.68504709375,0.6,0.1,4,binary:logistic,18.92543859649123,3,6.971,7.23466666667,7.652
gbtree,0.8,0.01,auc,-1.49412423451,-0.46402474985,-1.68504709375,0.8,0.1,4,binary:logistic,18.92543859649123,3,6.971,7.23466666667,7.652
gbtree,0.8,0.01,auc,-1.49412423451,-0.46402474985,-1.68504709375,1,0.1,4,binary:logistic,18.92543859649123,3,6.971,7.23466666667,7.652
gbtree,0.8,0.1,auc,-1.00870288412,-0.660157116079,-1.07024532474,0.2,0.05,4,binary:logistic,18.92543859649123,3,8.144,8.42466666667,9.596
gbtree,0.8,0.1,auc,-1.00870288412,-0.660157116079,-1.07024532474,0.4,0.05,4,binary:logistic,18.92543859649123,3,8.144,8.42466666667,9.596
gbtree,0.8,0.1,auc,-1.00870288412,-0.660157116079,-1.07024532474,0.6,0.05,4,binary:logistic,18.92543859649123,3,8.144,8.42466666667,9.596
gbtree,0.8,0.1,auc,-1.00870288412,-0.660157116079,-1.07024532474,0.8,0.05,4,binary:logistic,18.92543859649123,3,8.144,8.42466666667,9.596
gbtree,0.8,0.1,auc,-1.00870288412,-0.660157116079,-1.07024532474,1,0.05,4,binary:logistic,18.92543859649123,3,8.144,8.42466666667,9.596
gbtree,0.8,0.1,auc,-1.49412423451,-0.46402474985,-1.68504709375,0.2,0.1,4,binary:logistic,18.92543859649123,3,6.971,7.23466666667,7.652
gbtree,0.8,0.1,auc,-1.49412423451,-0.46402474985,-1.68504709375,0.4,0.1,4,binary:logistic,18.92543859649123,3,6.971,7.23466666667,7.652
gbtree,0.8,0.1,auc,-1.49412423451,-0.46402474985,-1.68504709375,0.6,0.1,4,binary:logistic,18.92543859649123,3,6.971,7.23466666667,7.652
gbtree,0.8,0.1,auc,-1.49412423451,-0.46402474985,-1.68504709375,0.8,0.1,4,binary:logistic,18.92543859649123,3,6.971,7.23466666667,7.652
gbtree,0.8,0.1,auc,-1.49412423451,-0.46402474985,-1.68504709375,1,0.1,4,binary:logistic,18.92543859649123,3,6.971,7.23466666667,7.652
gbtree,0.8,0.001,auc,0.635122969476,-0.181856356769,-2.16867323537,0.2,0.05,5,binary:logistic,18.92543859649123,3,9.014,8.48733333333,7.428
gbtree,0.8,0.001,auc,0.635122969476,-0.181856356769,-2.16867323537,0.4,0.05,5,binary:logistic,18.92543859649123,3,9.014,8.48733333333,7.428
gbtree,0.8,0.001,auc,0.635122969476,-0.181856356769,-2.16867323537,0.6,0.05,5,binary:logistic,18.92543859649123,3,9.014,8.48733333333,7.428
gbtree,0.8,0.001,auc,0.635122969476,-0.181856356769,-2.16867323537,0.8,0.05,5,binary:logistic,18.92543859649123,3,9.014,8.48733333333,7.428
gbtree,0.8,0.001,auc,0.635122969476,-0.181856356769,-2.16867323537,1,0.05,5,binary:logistic,18.92543859649123,3,9.014,8.48733333333,7.428
gbtree,0.8,0.001,auc,-1.00712459739,-1.20365626859,-0.190583727514,0.2,0.1,5,binary:logistic,18.92543859649123,3,7.224,7.354,8.854
gbtree,0.8,0.001,auc,-1.00712459739,-1.20365626859,-0.190583727514,0.4,0.1,5,binary:logistic,18.92543859649123,3,7.224,7.354,8.854
gbtree,0.8,0.001,auc,-1.00712459739,-1.20365626859,-0.190583727514,0.6,0.1,5,binary:logistic,18.92543859649123,3,7.224,7.354,8.854
gbtree,0.8,0.001,auc,-1.00712459739,-1.20365626859,-0.190583727514,0.8,0.1,5,binary:logistic,18.92543859649123,3,7.224,7.354,8.854
gbtree,0.8,0.001,auc,-1.00712459739,-1.20365626859,-0.190583727514,1,0.1,5,binary:logistic,18.92543859649123,3,7.224,7.354,8.854
gbtree,0.8,0.01,auc,0.635122969476,-0.181856356769,-2.16867323537,0.2,0.05,5,binary:logistic,18.92543859649123,3,9.014,8.48733333333,7.428
gbtree,0.8,0.01,auc,0.635122969476,-0.181856356769,-2.16867323537,0.4,0.05,5,binary:logistic,18.92543859649123,3,9.014,8.48733333333,7.428
gbtree,0.8,0.01,auc,0.635122969476,-0.181856356769,-2.16867323537,0.6,0.05,5,binary:logistic,18.92543859649123,3,9.014,8.48733333333,7.428
gbtree,0.8,0.01,auc,0.635122969476,-0.181856356769,-2.16867323537,0.8,0.05,5,binary:logistic,18.92543859649123,3,9.014,8.48733333333,7.428
gbtree,0.8,0.01,auc,0.635122969476,-0.181856356769,-2.16867323537,1,0.05,5,binary:logistic,18.92543859649123,3,9.014,8.48733333333,7.428
gbtree,0.8,0.01,auc,-1.00712459739,-1.20365626859,-0.190583727514,0.2,0.1,5,binary:logistic,18.92543859649123,3,7.224,7.354,8.854
gbtree,0.8,0.01,auc,-1.00712459739,-1.20365626859,-0.190583727514,0.4,0.1,5,binary:logistic,18.92543859649123,3,7.224,7.354,8.854
gbtree,0.8,0.01,auc,-1.00712459739,-1.20365626859,-0.190583727514,0.6,0.1,5,binary:logistic,18.92543859649123,3,7.224,7.354,8.854
gbtree,0.8,0.01,auc,-1.00712459739,-1.20365626859,-0.190583727514,0.8,0.1,5,binary:logistic,18.92543859649123,3,7.224,7.354,8.854
gbtree,0.8,0.01,auc,-1.00712459739,-1.20365626859,-0.190583727514,1,0.1,5,binary:logistic,18.92543859649123,3,7.224,7.354,8.854
gbtree,0.8,0.1,auc,0.635122969476,-0.181856356769,-2.16867323537,0.2,0.05,5,binary:logistic,18.92543859649123,3,9.014,8.48733333333,7.428
gbtree,0.8,0.1,auc,0.635122969476,-0.181856356769,-2.16867323537,0.4,0.05,5,binary:logistic,18.92543859649123,3,9.014,8.48733333333,7.428
gbtree,0.8,0.1,auc,0.635122969476,-0.181856356769,-2.16867323537,0.6,0.05,5,binary:logistic,18.92543859649123,3,9.014,8.48733333333,7.428
gbtree,0.8,0.1,auc,0.635122969476,-0.181856356769,-2.16867323537,0.8,0.05,5,binary:logistic,18.92543859649123,3,9.014,8.48733333333,7.428
gbtree,0.8,0.1,auc,0.635122969476,-0.181856356769,-2.16867323537,1,0.05,5,binary:logistic,18.92543859649123,3,9.014,8.48733333333,7.428
gbtree,0.8,0.1,auc,-1.00712459739,-1.20365626859,-0.190583727514,0.2,0.1,5,binary:logistic,18.92543859649123,3,7.224,7.354,8.854
gbtree,0.8,0.1,auc,-1.00712459739,-1.20365626859,-0.190583727514,0.4,0.1,5,binary:logistic,18.92543859649123,3,7.224,7.354,8.854
gbtree,0.8,0.1,auc,-1.00712459739,-1.20365626859,-0.190583727514,0.6,0.1,5,binary:logistic,18.92543859649123,3,7.224,7.354,8.854
gbtree,0.8,0.1,auc,-1.00712459739,-1.20365626859,-0.190583727514,0.8,0.1,5,binary:logistic,18.92543859649123,3,7.224,7.354,8.854
gbtree,0.8,0.1,auc,-1.00712459739,-1.20365626859,-0.190583727514,1,0.1,5,binary:logistic,18.92543859649123,3,7.224,7.354,8.854
gbtree,0.8,0.001,auc,-0.969972589886,-0.185753959939,-2.20425551397,0.2,0.05,6,binary:logistic,18.92543859649123,3,8.034,7.87533333333,7.256
gbtree,0.8,0.001,auc,-0.969972589886,-0.185753959939,-2.20425551397,0.4,0.05,6,binary:logistic,18.92543859649123,3,8.034,7.87533333333,7.256
gbtree,0.8,0.001,auc,-0.969972589886,-0.185753959939,-2.20425551397,0.6,0.05,6,binary:logistic,18.92543859649123,3,8.034,7.87533333333,7.256
gbtree,0.8,0.001,auc,-0.969972589886,-0.185753959939,-2.20425551397,0.8,0.05,6,binary:logistic,18.92543859649123,3,8.034,7.87533333333,7.256
gbtree,0.8,0.001,auc,-0.969972589886,-0.185753959939,-2.20425551397,1,0.05,6,binary:logistic,18.92543859649123,3,8.034,7.87533333333,7.256
gbtree,0.8,0.001,auc,-0.151347433849,-0.00897888551253,-0.116392613416,0.2,0.1,6,binary:logistic,18.92543859649123,3,7.92,7.78066666667,8.854
gbtree,0.8,0.001,auc,-0.151347433849,-0.00897888551253,-0.116392613416,0.4,0.1,6,binary:logistic,18.92543859649123,3,7.92,7.78066666667,8.854
gbtree,0.8,0.001,auc,-0.151347433849,-0.00897888551253,-0.116392613416,0.6,0.1,6,binary:logistic,18.92543859649123,3,7.92,7.78066666667,8.854
gbtree,0.8,0.001,auc,-0.151347433849,-0.00897888551253,-0.116392613416,0.8,0.1,6,binary:logistic,18.92543859649123,3,7.92,7.78066666667,8.854
gbtree,0.8,0.001,auc,-0.151347433849,-0.00897888551253,-0.116392613416,1,0.1,6,binary:logistic,18.92543859649123,3,7.92,7.78066666667,8.854
gbtree,0.8,0.01,auc,-0.969972589886,-0.185753959939,-2.20425551397,0.2,0.05,6,binary:logistic,18.92543859649123,3,8.034,7.87533333333,7.256
gbtree,0.8,0.01,auc,-0.969972589886,-0.185753959939,-2.20425551397,0.4,0.05,6,binary:logistic,18.92543859649123,3,8.034,7.87533333333,7.256
gbtree,0.8,0.01,auc,-0.969972589886,-0.185753959939,-2.20425551397,0.6,0.05,6,binary:logistic,18.92543859649123,3,8.034,7.87533333333,7.256
gbtree,0.8,0.01,auc,-0.969972589886,-0.185753959939,-2.20425551397,0.8,0.05,6,binary:logistic,18.92543859649123,3,8.034,7.87533333333,7.256
gbtree,0.8,0.01,auc,-0.969972589886,-0.185753959939,-2.20425551397,1,0.05,6,binary:logistic,18.92543859649123,3,8.034,7.87533333333,7.256
gbtree,0.8,0.01,auc,-0.151347433849,-0.00897888551253,-0.116392613416,0.2,0.1,6,binary:logistic,18.92543859649123,3,7.92,7.78066666667,8.854
gbtree,0.8,0.01,auc,-0.151347433849,-0.00897888551253,-0.116392613416,0.4,0.1,6,binary:logistic,18.92543859649123,3,7.92,7.78066666667,8.854
gbtree,0.8,0.01,auc,-0.151347433849,-0.00897888551253,-0.116392613416,0.6,0.1,6,binary:logistic,18.92543859649123,3,7.92,7.78066666667,8.854
gbtree,0.8,0.01,auc,-0.151347433849,-0.00897888551253,-0.116392613416,0.8,0.1,6,binary:logistic,18.92543859649123,3,7.92,7.78066666667,8.854
gbtree,0.8,0.01,auc,-0.151347433849,-0.00897888551253,-0.116392613416,1,0.1,6,binary:logistic,18.92543859649123,3,7.92,7.78066666667,8.854
gbtree,0.8,0.1,auc,-0.969972589886,-0.185753959939,-2.20425551397,0.2,0.05,6,binary:logistic,18.92543859649123,3,8.034,7.87533333333,7.256
gbtree,0.8,0.1,auc,-0.969972589886,-0.185753959939,-2.20425551397,0.4,0.05,6,binary:logistic,18.92543859649123,3,8.034,7.87533333333,7.256
gbtree,0.8,0.1,auc,-0.969972589886,-0.185753959939,-2.20425551397,0.6,0.05,6,binary:logistic,18.92543859649123,3,8.034,7.87533333333,7.256
gbtree,0.8,0.1,auc,-0.969972589886,-0.185753959939,-2.20425551397,0.8,0.05,6,binary:logistic,18.92543859649123,3,8.034,7.87533333333,7.256
gbtree,0.8,0.1,auc,-0.969972589886,-0.185753959939,-2.20425551397,1,0.05,6,binary:logistic,18.92543859649123,3,8.034,7.87533333333,7.256
gbtree,0.8,0.1,auc,-0.151347433849,-0.00897888551253,-0.116392613416,0.2,0.1,6,binary:logistic,18.92543859649123,3,7.92,7.78066666667,8.854
gbtree,0.8,0.1,auc,-0.151347433849,-0.00897888551253,-0.116392613416,0.4,0.1,6,binary:logistic,18.92543859649123,3,7.92,7.78066666667,8.854
gbtree,0.8,0.1,auc,-0.151347433849,-0.00897888551253,-0.116392613416,0.6,0.1,6,binary:logistic,18.92543859649123,3,7.92,7.78066666667,8.854
gbtree,0.8,0.1,auc,-0.151347433849,-0.00897888551253,-0.116392613416,0.8,0.1,6,binary:logistic,18.92543859649123,3,7.92,7.78066666667,8.854
gbtree,0.8,0.1,auc,-0.151347433849,-0.00897888551253,-0.116392613416,1,0.1,6,binary:logistic,18.92543859649123,3,7.92,7.78066666667,8.854
gbtree,0.8,0.001,auc,-1.3753315315,-1.51479058975,-1.01965192438,0.2,0.05,4,binary:logistic,18.92543859649123,4,7.953,7.14333333333,9.774
gbtree,0.8,0.001,auc,-1.3753315315,-1.51479058975,-1.01965192438,0.4,0.05,4,binary:logistic,18.92543859649123,4,7.953,7.14333333333,9.774
gbtree,0.8,0.001,auc,-1.3753315315,-1.51479058975,-1.01965192438,0.6,0.05,4,binary:logistic,18.92543859649123,4,7.953,7.14333333333,9.774
gbtree,0.8,0.001,auc,-1.3753315315,-1.51479058975,-1.01965192438,0.8,0.05,4,binary:logistic,18.92543859649123,4,7.953,7.14333333333,9.774
gbtree,0.8,0.001,auc,-1.3753315315,-1.51479058975,-1.01965192438,1,0.05,4,binary:logistic,18.92543859649123,4,7.953,7.14333333333,9.774
gbtree,0.8,0.001,auc,-0.873510026089,-1.48599223613,-2.07865840843,0.2,0.1,4,binary:logistic,18.92543859649123,4,7.082,6.536,7.502
gbtree,0.8,0.001,auc,-0.873510026089,-1.48599223613,-2.07865840843,0.4,0.1,4,binary:logistic,18.92543859649123,4,7.082,6.536,7.502
gbtree,0.8,0.001,auc,-0.873510026089,-1.48599223613,-2.07865840843,0.6,0.1,4,binary:logistic,18.92543859649123,4,7.082,6.536,7.502
gbtree,0.8,0.001,auc,-0.873510026089,-1.48599223613,-2.07865840843,0.8,0.1,4,binary:logistic,18.92543859649123,4,7.082,6.536,7.502
gbtree,0.8,0.001,auc,-0.873510026089,-1.48599223613,-2.07865840843,1,0.1,4,binary:logistic,18.92543859649123,4,7.082,6.536,7.502
gbtree,0.8,0.01,auc,-1.3753315315,-1.51479058975,-1.01965192438,0.2,0.05,4,binary:logistic,18.92543859649123,4,7.953,7.14333333333,9.774
gbtree,0.8,0.01,auc,-1.3753315315,-1.51479058975,-1.01965192438,0.4,0.05,4,binary:logistic,18.92543859649123,4,7.953,7.14333333333,9.774
gbtree,0.8,0.01,auc,-1.3753315315,-1.51479058975,-1.01965192438,0.6,0.05,4,binary:logistic,18.92543859649123,4,7.953,7.14333333333,9.774
gbtree,0.8,0.01,auc,-1.3753315315,-1.51479058975,-1.01965192438,0.8,0.05,4,binary:logistic,18.92543859649123,4,7.953,7.14333333333,9.774
gbtree,0.8,0.01,auc,-1.3753315315,-1.51479058975,-1.01965192438,1,0.05,4,binary:logistic,18.92543859649123,4,7.953,7.14333333333,9.774
gbtree,0.8,0.01,auc,-0.873510026089,-1.48599223613,-2.07865840843,0.2,0.1,4,binary:logistic,18.92543859649123,4,7.082,6.536,7.502
gbtree,0.8,0.01,auc,-0.873510026089,-1.48599223613,-2.07865840843,0.4,0.1,4,binary:logistic,18.92543859649123,4,7.082,6.536,7.502
gbtree,0.8,0.01,auc,-0.873510026089,-1.48599223613,-2.07865840843,0.6,0.1,4,binary:logistic,18.92543859649123,4,7.082,6.536,7.502
gbtree,0.8,0.01,auc,-0.873510026089,-1.48599223613,-2.07865840843,0.8,0.1,4,binary:logistic,18.92543859649123,4,7.082,6.536,7.502
gbtree,0.8,0.01,auc,-0.873510026089,-1.48599223613,-2.07865840843,1,0.1,4,binary:logistic,18.92543859649123,4,7.082,6.536,7.502
gbtree,0.8,0.1,auc,-1.3753315315,-1.51479058975,-1.01965192438,0.2,0.05,4,binary:logistic,18.92543859649123,4,7.953,7.14333333333,9.774
gbtree,0.8,0.1,auc,-1.3753315315,-1.51479058975,-1.01965192438,0.4,0.05,4,binary:logistic,18.92543859649123,4,7.953,7.14333333333,9.774
gbtree,0.8,0.1,auc,-1.3753315315,-1.51479058975,-1.01965192438,0.6,0.05,4,binary:logistic,18.92543859649123,4,7.953,7.14333333333,9.774
gbtree,0.8,0.1,auc,-1.3753315315,-1.51479058975,-1.01965192438,0.8,0.05,4,binary:logistic,18.92543859649123,4,7.953,7.14333333333,9.774
gbtree,0.8,0.1,auc,-1.3753315315,-1.51479058975,-1.01965192438,1,0.05,4,binary:logistic,18.92543859649123,4,7.953,7.14333333333,9.774
gbtree,0.8,0.1,auc,-0.873510026089,-1.48599223613,-2.07865840843,0.2,0.1,4,binary:logistic,18.92543859649123,4,7.082,6.536,7.502
gbtree,0.8,0.1,auc,-0.873510026089,-1.48599223613,-2.07865840843,0.4,0.1,4,binary:logistic,18.92543859649123,4,7.082,6.536,7.502
gbtree,0.8,0.1,auc,-0.873510026089,-1.48599223613,-2.07865840843,0.6,0.1,4,binary:logistic,18.92543859649123,4,7.082,6.536,7.502
gbtree,0.8,0.1,auc,-0.873510026089,-1.48599223613,-2.07865840843,0.8,0.1,4,binary:logistic,18.92543859649123,4,7.082,6.536,7.502
gbtree,0.8,0.1,auc,-0.873510026089,-1.48599223613,-2.07865840843,1,0.1,4,binary:logistic,18.92543859649123,4,7.082,6.536,7.502
gbtree,0.8,0.001,auc,-1.3176536174,0.0455890198468,-2.12925180879,0.2,0.05,5,binary:logistic,18.92543859649123,4,7.191,8.712,7.324
gbtree,0.8,0.001,auc,-1.3176536174,0.0455890198468,-2.12925180879,0.4,0.05,5,binary:logistic,18.92543859649123,4,7.191,8.712,7.324
gbtree,0.8,0.001,auc,-1.3176536174,0.0455890198468,-2.12925180879,0.6,0.05,5,binary:logistic,18.92543859649123,4,7.191,8.712,7.324
gbtree,0.8,0.001,auc,-1.3176536174,0.0455890198468,-2.12925180879,0.8,0.05,5,binary:logistic,18.92543859649123,4,7.191,8.712,7.324
gbtree,0.8,0.001,auc,-1.3176536174,0.0455890198468,-2.12925180879,1,0.05,5,binary:logistic,18.92543859649123,4,7.191,8.712,7.324
gbtree,0.8,0.001,auc,-2.01105451165,-0.460005405124,-1.72908429642,0.2,0.1,5,binary:logistic,18.92543859649123,4,6.59,7.14533333333,7.608
gbtree,0.8,0.001,auc,-2.01105451165,-0.460005405124,-1.72908429642,0.4,0.1,5,binary:logistic,18.92543859649123,4,6.59,7.14533333333,7.608
gbtree,0.8,0.001,auc,-2.01105451165,-0.460005405124,-1.72908429642,0.6,0.1,5,binary:logistic,18.92543859649123,4,6.59,7.14533333333,7.608
gbtree,0.8,0.001,auc,-2.01105451165,-0.460005405124,-1.72908429642,0.8,0.1,5,binary:logistic,18.92543859649123,4,6.59,7.14533333333,7.608
gbtree,0.8,0.001,auc,-2.01105451165,-0.460005405124,-1.72908429642,1,0.1,5,binary:logistic,18.92543859649123,4,6.59,7.14533333333,7.608
gbtree,0.8,0.01,auc,-1.3176536174,0.0455890198468,-2.12925180879,0.2,0.05,5,binary:logistic,18.92543859649123,4,7.191,8.712,7.324
gbtree,0.8,0.01,auc,-1.3176536174,0.0455890198468,-2.12925180879,0.4,0.05,5,binary:logistic,18.92543859649123,4,7.191,8.712,7.324
gbtree,0.8,0.01,auc,-1.3176536174,0.0455890198468,-2.12925180879,0.6,0.05,5,binary:logistic,18.92543859649123,4,7.191,8.712,7.324
gbtree,0.8,0.01,auc,-1.3176536174,0.0455890198468,-2.12925180879,0.8,0.05,5,binary:logistic,18.92543859649123,4,7.191,8.712,7.324
gbtree,0.8,0.01,auc,-1.3176536174,0.0455890198468,-2.12925180879,1,0.05,5,binary:logistic,18.92543859649123,4,7.191,8.712,7.324
gbtree,0.8,0.01,auc,-2.01105451165,-0.460005405124,-1.72908429642,0.2,0.1,5,binary:logistic,18.92543859649123,4,6.59,7.14533333333,7.608
gbtree,0.8,0.01,auc,-2.01105451165,-0.460005405124,-1.72908429642,0.4,0.1,5,binary:logistic,18.92543859649123,4,6.59,7.14533333333,7.608
gbtree,0.8,0.01,auc,-2.01105451165,-0.460005405124,-1.72908429642,0.6,0.1,5,binary:logistic,18.92543859649123,4,6.59,7.14533333333,7.608
gbtree,0.8,0.01,auc,-2.01105451165,-0.460005405124,-1.72908429642,0.8,0.1,5,binary:logistic,18.92543859649123,4,6.59,7.14533333333,7.608
gbtree,0.8,0.01,auc,-2.01105451165,-0.460005405124,-1.72908429642,1,0.1,5,binary:logistic,18.92543859649123,4,6.59,7.14533333333,7.608
gbtree,0.8,0.1,auc,-1.3176536174,0.0455890198468,-2.12925180879,0.2,0.05,5,binary:logistic,18.92543859649123,4,7.191,8.712,7.324
gbtree,0.8,0.1,auc,-1.3176536174,0.0455890198468,-2.12925180879,0.4,0.05,5,binary:logistic,18.92543859649123,4,7.191,8.712,7.324
gbtree,0.8,0.1,auc,-1.3176536174,0.0455890198468,-2.12925180879,0.6,0.05,5,binary:logistic,18.92543859649123,4,7.191,8.712,7.324
gbtree,0.8,0.1,auc,-1.3176536174,0.0455890198468,-2.12925180879,0.8,0.05,5,binary:logistic,18.92543859649123,4,7.191,8.712,7.324
gbtree,0.8,0.1,auc,-1.3176536174,0.0455890198468,-2.12925180879,1,0.05,5,binary:logistic,18.92543859649123,4,7.191,8.712,7.324
gbtree,0.8,0.1,auc,-2.01105451165,-0.460005405124,-1.72908429642,0.2,0.1,5,binary:logistic,18.92543859649123,4,6.59,7.14533333333,7.608
gbtree,0.8,0.1,auc,-2.01105451165,-0.460005405124,-1.72908429642,0.4,0.1,5,binary:logistic,18.92543859649123,4,6.59,7.14533333333,7.608
gbtree,0.8,0.1,auc,-2.01105451165,-0.460005405124,-1.72908429642,0.6,0.1,5,binary:logistic,18.92543859649123,4,6.59,7.14533333333,7.608
gbtree,0.8,0.1,auc,-2.01105451165,-0.460005405124,-1.72908429642,0.8,0.1,5,binary:logistic,18.92543859649123,4,6.59,7.14533333333,7.608
gbtree,0.8,0.1,auc,-2.01105451165,-0.460005405124,-1.72908429642,1,0.1,5,binary:logistic,18.92543859649123,4,6.59,7.14533333333,7.608
gbtree,0.8,0.001,auc,0.539285407569,0.465871928826,-2.52916332454,0.2,0.05,6,binary:logistic,18.92543859649123,4,8.769,8.99866666667,7.14
gbtree,0.8,0.001,auc,0.539285407569,0.465871928826,-2.52916332454,0.4,0.05,6,binary:logistic,18.92543859649123,4,8.769,8.99866666667,7.14
gbtree,0.8,0.001,auc,0.539285407569,0.465871928826,-2.52916332454,0.6,0.05,6,binary:logistic,18.92543859649123,4,8.769,8.99866666667,7.14
gbtree,0.8,0.001,auc,0.539285407569,0.465871928826,-2.52916332454,0.8,0.05,6,binary:logistic,18.92543859649123,4,8.769,8.99866666667,7.14
gbtree,0.8,0.001,auc,0.539285407569,0.465871928826,-2.52916332454,1,0.05,6,binary:logistic,18.92543859649123,4,8.769,8.99866666667,7.14
gbtree,0.8,0.001,auc,-1.18214202943,-1.08657667239,-2.31950765886,0.2,0.1,6,binary:logistic,18.92543859649123,4,7.141,7.538,7.288
gbtree,0.8,0.001,auc,-1.18214202943,-1.08657667239,-2.31950765886,0.4,0.1,6,binary:logistic,18.92543859649123,4,7.141,7.538,7.288
gbtree,0.8,0.001,auc,-1.18214202943,-1.08657667239,-2.31950765886,0.6,0.1,6,binary:logistic,18.92543859649123,4,7.141,7.538,7.288
gbtree,0.8,0.001,auc,-1.18214202943,-1.08657667239,-2.31950765886,0.8,0.1,6,binary:logistic,18.92543859649123,4,7.141,7.538,7.288
gbtree,0.8,0.001,auc,-1.18214202943,-1.08657667239,-2.31950765886,1,0.1,6,binary:logistic,18.92543859649123,4,7.141,7.538,7.288
gbtree,0.8,0.01,auc,0.539285407569,0.465871928826,-2.52916332454,0.2,0.05,6,binary:logistic,18.92543859649123,4,8.769,8.99866666667,7.14
gbtree,0.8,0.01,auc,0.539285407569,0.465871928826,-2.52916332454,0.4,0.05,6,binary:logistic,18.92543859649123,4,8.769,8.99866666667,7.14
gbtree,0.8,0.01,auc,0.539285407569,0.465871928826,-2.52916332454,0.6,0.05,6,binary:logistic,18.92543859649123,4,8.769,8.99866666667,7.14
gbtree,0.8,0.01,auc,0.539285407569,0.465871928826,-2.52916332454,0.8,0.05,6,binary:logistic,18.92543859649123,4,8.769,8.99866666667,7.14
gbtree,0.8,0.01,auc,0.539285407569,0.465871928826,-2.52916332454,1,0.05,6,binary:logistic,18.92543859649123,4,8.769,8.99866666667,7.14
gbtree,0.8,0.01,auc,-1.18214202943,-1.08657667239,-2.31950765886,0.2,0.1,6,binary:logistic,18.92543859649123,4,7.141,7.538,7.288
gbtree,0.8,0.01,auc,-1.18214202943,-1.08657667239,-2.31950765886,0.4,0.1,6,binary:logistic,18.92543859649123,4,7.141,7.538,7.288
gbtree,0.8,0.01,auc,-1.18214202943,-1.08657667239,-2.31950765886,0.6,0.1,6,binary:logistic,18.92543859649123,4,7.141,7.538,7.288
gbtree,0.8,0.01,auc,-1.18214202943,-1.08657667239,-2.31950765886,0.8,0.1,6,binary:logistic,18.92543859649123,4,7.141,7.538,7.288
gbtree,0.8,0.01,auc,-1.18214202943,-1.08657667239,-2.31950765886,1,0.1,6,binary:logistic,18.92543859649123,4,7.141,7.538,7.288
gbtree,0.8,0.1,auc,0.539285407569,0.465871928826,-2.52916332454,0.2,0.05,6,binary:logistic,18.92543859649123,4,8.769,8.99866666667,7.14
gbtree,0.8,0.1,auc,0.539285407569,0.465871928826,-2.52916332454,0.4,0.05,6,binary:logistic,18.92543859649123,4,8.769,8.99866666667,7.14
gbtree,0.8,0.1,auc,0.539285407569,0.465871928826,-2.52916332454,0.6,0.05,6,binary:logistic,18.92543859649123,4,8.769,8.99866666667,7.14
gbtree,0.8,0.1,auc,0.539285407569,0.465871928826,-2.52916332454,0.8,0.05,6,binary:logistic,18.92543859649123,4,8.769,8.99866666667,7.14
gbtree,0.8,0.1,auc,0.539285407569,0.465871928826,-2.52916332454,1,0.05,6,binary:logistic,18.92543859649123,4,8.769,8.99866666667,7.14
gbtree,0.8,0.1,auc,-1.18214202943,-1.08657667239,-2.31950765886,0.2,0.1,6,binary:logistic,18.92543859649123,4,7.141,7.538,7.288
gbtree,0.8,0.1,auc,-1.18214202943,-1.08657667239,-2.31950765886,0.4,0.1,6,binary:logistic,18.92543859649123,4,7.141,7.538,7.288
gbtree,0.8,0.1,auc,-1.18214202943,-1.08657667239,-2.31950765886,0.6,0.1,6,binary:logistic,18.92543859649123,4,7.141,7.538,7.288
gbtree,0.8,0.1,auc,-1.18214202943,-1.08657667239,-2.31950765886,0.8,0.1,6,binary:logistic,18.92543859649123,4,7.141,7.538,7.288
gbtree,0.8,0.1,auc,-1.18214202943,-1.08657667239,-2.31950765886,1,0.1,6,binary:logistic,18.92543859649123,4,7.141,7.538,7.288
